date,option_type,entry_time,entry_price,entry_strike,entry_spot,exit_time,exit_price,exit_strike,exit_spot,exit_reason,pnl
2026-01-01,PUT,2026-01-01 09:15:00+05:30,126.2,85400.0,85373.16,2026-01-01 09:18:00+05:30,134.2,85400.0,85382.58,Stop Loss,-7.999999999999986
2026-01-01,CALL,2026-01-01 09:16:00+05:30,119.5,85400.0,85412.75,2026-01-01 09:29:00+05:30,124.25,85400.0,85422.72,Stop Loss,-4.75
2026-01-01,PUT,2026-01-01 09:20:00+05:30,153.9,85400.0,85358.92,2026-01-01 09:22:00+05:30,162.55,85400.0,85320.99,Stop Loss,-8.650000000000006
2026-01-01,PUT,2026-01-01 09:24:00+05:30,163.05,85400.0,85316.48,2026-01-01 09:26:00+05:30,193.7,85400.0,85289.61,Stop Loss,-30.649999999999977
2026-01-01,PUT,2026-01-01 09:27:00+05:30,180.45,85400.0,85311.83,2026-01-01 10:16:00+05:30,187.35,85400.0,85280.73,Stop Loss,-6.900000000000006
2026-01-01,CALL,2026-01-01 09:31:00+05:30,100.8,85400.0,85392.78,2026-01-01 09:35:00+05:30,104.75,85400.0,85384.63,Stop Loss,-3.950000000000003
2026-01-01,CALL,2026-01-01 09:36:00+05:30,91.55,85400.0,85375.75,2026-01-01 09:40:00+05:30,95.0,85400.0,85370.18,Stop Loss,-3.450000000000003
2026-01-01,CALL,2026-01-01 09:41:00+05:30,98.55,85400.0,85397.3,2026-01-01 09:43:00+05:30,106.8,85400.0,85405.02,Stop Loss,-8.25
2026-01-01,CALL,2026-01-01 09:44:00+05:30,103.05,85400.0,85410.48,2026-01-01 09:49:00+05:30,104.55,85400.0,85419.01,Stop Loss,-1.5
2026-01-01,CALL,2026-01-01 09:50:00+05:30,112.85,85400.0,85436.46,2026-01-01 09:52:00+05:30,123.05,85400.0,85447.31,Stop Loss,-10.200000000000003
2026-01-01,CALL,2026-01-01 09:53:00+05:30,111.0,85400.0,85435.05,2026-01-01 09:54:00+05:30,111.05,85400.0,85409.51,Stop Loss,-0.04999999999999716
2026-01-01,CALL,2026-01-01 09:55:00+05:30,104.05,85400.0,85400.5,2026-01-01 15:29:00+05:30,0.05,85400.0,85172.11,EOD,104.0
2026-01-01,PUT,2026-01-01 10:17:00+05:30,188.6,85400.0,85274.17,2026-01-01 10:18:00+05:30,201.65,85400.0,85229.6,Stop Loss,-13.050000000000011
2026-01-01,PUT,2026-01-01 10:20:00+05:30,209.9,85400.0,85248.84,2026-01-01 10:21:00+05:30,232.05,85400.0,85180.58,Stop Loss,-22.150000000000006
2026-01-01,PUT,2026-01-01 10:22:00+05:30,229.9,85400.0,85183.84,2026-01-01 12:08:00+05:30,234.9,85400.0,85167.91,Stop Loss,-5.0
2026-01-01,PUT,2026-01-01 12:09:00+05:30,229.05,85400.0,85172.38,2026-01-01 12:14:00+05:30,231.8,85400.0,85181.88,Stop Loss,-2.75
2026-01-01,PUT,2026-01-01 12:16:00+05:30,248.65,85400.0,85140.04,2026-01-01 12:17:00+05:30,253.7,85400.0,85133.17,Stop Loss,-5.049999999999983
2026-01-01,PUT,2026-01-01 12:18:00+05:30,246.55,85400.0,85139.09,2026-01-01 15:29:00+05:30,210.65,85400.0,85172.11,EOD,35.900000000000006
2026-01-02,PUT,2026-01-02 09:15:00+05:30,258.45,85300.0,85284.3,2026-01-02 09:16:00+05:30,265.9,85300.0,85290.88,Stop Loss,-7.449999999999989
2026-01-02,CALL,2026-01-02 09:16:00+05:30,384.65,85300.0,85290.88,2026-01-02 09:17:00+05:30,386.0,85300.0,85303.71,Stop Loss,-1.3500000000000227
2026-01-02,CALL,2026-01-02 09:18:00+05:30,377.45,85300.0,85285.94,2026-01-02 09:19:00+05:30,384.0,85300.0,85317.67,Stop Loss,-6.550000000000011
2026-01-02,PUT,2026-01-02 09:19:00+05:30,251.2,85300.0,85317.67,2026-01-02 15:29:00+05:30,115.8,85300.0,85810.29,EOD,135.39999999999998
2026-01-02,CALL,2026-01-02 09:21:00+05:30,389.45,85300.0,85323.75,2026-01-02 09:22:00+05:30,402.4,85300.0,85338.69,Stop Loss,-12.949999999999989
2026-01-02,CALL,2026-01-02 09:24:00+05:30,406.95,85300.0,85359.32,2026-01-02 09:26:00+05:30,407.8,85300.0,85326.87,Stop Loss,-0.8500000000000227
2026-01-02,CALL,2026-01-02 09:30:00+05:30,424.4,85300.0,85368.57,2026-01-02 09:31:00+05:30,432.2,85300.0,85387.28,Stop Loss,-7.800000000000011
2026-01-02,CALL,2026-01-02 09:33:00+05:30,444.55,85300.0,85377.73,2026-01-02 09:39:00+05:30,445.6,85300.0,85392.73,Stop Loss,-1.0500000000000114
2026-01-02,CALL,2026-01-02 09:45:00+05:30,519.2,85300.0,85524.55,2026-01-02 09:46:00+05:30,524.35,85300.0,85536.56,Stop Loss,-5.149999999999977
2026-01-02,CALL,2026-01-02 09:49:00+05:30,535.9,85300.0,85539.38,2026-01-02 09:51:00+05:30,545.0,85300.0,85566.04,Stop Loss,-9.100000000000023
2026-01-02,CALL,2026-01-02 09:53:00+05:30,559.8,85300.0,85569.03,2026-01-02 09:54:00+05:30,579.0,85300.0,85587.2,Stop Loss,-19.200000000000045
2026-01-02,CALL,2026-01-02 09:55:00+05:30,569.3,85300.0,85589.53,2026-01-02 09:56:00+05:30,573.95,85300.0,85599.35,Stop Loss,-4.650000000000091
2026-01-02,CALL,2026-01-02 09:57:00+05:30,568.0,85300.0,85571.83,2026-01-02 11:21:00+05:30,571.5,85300.0,85554.14,Stop Loss,-3.5
2026-01-02,CALL,2026-01-02 11:22:00+05:30,552.85,85300.0,85528.27,2026-01-02 11:23:00+05:30,561.55,85300.0,85551.67,Stop Loss,-8.699999999999932
2026-01-02,CALL,2026-01-02 11:24:00+05:30,560.55,85300.0,85536.25,2026-01-02 11:25:00+05:30,568.4,85300.0,85540.3,Stop Loss,-7.850000000000023
2026-01-02,CALL,2026-01-02 11:26:00+05:30,563.55,85300.0,85542.59,2026-01-02 11:28:00+05:30,575.0,85300.0,85558.55,Stop Loss,-11.450000000000045
2026-01-02,CALL,2026-01-02 11:32:00+05:30,578.5,85300.0,85577.77,2026-01-02 11:33:00+05:30,581.25,85300.0,85581.02,Stop Loss,-2.75
2026-01-02,CALL,2026-01-02 11:35:00+05:30,588.4,85300.0,85602.21,2026-01-02 11:36:00+05:30,591.0,85300.0,85602.39,Stop Loss,-2.6000000000000227
2026-01-02,CALL,2026-01-02 11:37:00+05:30,589.65,85300.0,85604.94,2026-01-02 11:39:00+05:30,591.65,85300.0,85606.57,Stop Loss,-2.0
2026-01-02,CALL,2026-01-02 11:40:00+05:30,587.2,85300.0,85599.27,2026-01-02 11:41:00+05:30,590.6,85300.0,85605.55,Stop Loss,-3.3999999999999773
2026-01-02,CALL,2026-01-02 11:44:00+05:30,599.95,85300.0,85622.7,2026-01-02 11:49:00+05:30,605.6,85300.0,85631.68,Stop Loss,-5.649999999999977
2026-01-02,CALL,2026-01-02 11:50:00+05:30,599.55,85300.0,85624.14,2026-01-02 11:51:00+05:30,605.5,85300.0,85634.68,Stop Loss,-5.9500000000000455
2026-01-02,CALL,2026-01-02 11:55:00+05:30,606.5,85300.0,85644.55,2026-01-02 12:28:00+05:30,607.55,85300.0,85662.79,Stop Loss,-1.0499999999999545
2026-01-02,CALL,2026-01-02 12:29:00+05:30,603.0,85300.0,85662.42,2026-01-02 12:30:00+05:30,606.2,85300.0,85657.92,Stop Loss,-3.2000000000000455
2026-01-02,CALL,2026-01-02 12:36:00+05:30,628.35,85300.0,85689.76,2026-01-02 15:10:00+05:30,643.95,85300.0,85752.85,Stop Loss,-15.600000000000023
2026-01-02,CALL,2026-01-02 15:12:00+05:30,644.8,85300.0,85753.35,2026-01-02 15:23:00+05:30,648.3,85300.0,85780.87,Stop Loss,-3.5
2026-01-02,CALL,2026-01-02 15:24:00+05:30,646.0,85300.0,85777.81,2026-01-02 15:25:00+05:30,647.3,85300.0,85787.05,Stop Loss,-1.2999999999999545
2026-01-05,PUT,2026-01-05 09:15:00+05:30,244.5,85700.0,85740.03,2026-01-05 09:16:00+05:30,262.05,85700.0,85723.96,Stop Loss,-17.55000000000001
2026-01-05,CALL,2026-01-05 09:16:00+05:30,332.25,85700.0,85723.96,2026-01-05 09:17:00+05:30,351.5,85700.0,85731.64,Stop Loss,-19.25
2026-01-05,PUT,2026-01-05 09:17:00+05:30,237.8,85700.0,85731.64,2026-01-05 09:20:00+05:30,261.9,85700.0,85719.68,Stop Loss,-24.099999999999966
2026-01-05,CALL,2026-01-05 09:20:00+05:30,339.15,85700.0,85719.68,2026-01-05 10:08:00+05:30,340.85,85700.0,85744.81,Stop Loss,-1.7000000000000455
2026-01-05,PUT,2026-01-05 09:21:00+05:30,251.35,85700.0,85720.2,2026-01-05 09:22:00+05:30,251.7,85700.0,85731.4,Stop Loss,-0.3499999999999943
2026-01-05,PUT,2026-01-05 09:25:00+05:30,275.65,85700.0,85659.53,2026-01-05 09:27:00+05:30,289.65,85700.0,85638.38,Stop Loss,-14.0
2026-01-05,PUT,2026-01-05 09:37:00+05:30,338.05,85700.0,85542.0,2026-01-05 13:49:00+05:30,365.0,85700.0,85516.89,Stop Loss,-26.94999999999999
2026-01-05,CALL,2026-01-05 10:11:00+05:30,343.5,85700.0,85765.22,2026-01-05 10:12:00+05:30,347.95,85700.0,85753.39,Stop Loss,-4.449999999999989
2026-01-05,CALL,2026-01-05 10:19:00+05:30,397.85,85700.0,85818.9,2026-01-05 10:21:00+05:30,415.0,85700.0,85840.09,Stop Loss,-17.149999999999977
2026-01-05,CALL,2026-01-05 10:22:00+05:30,405.15,85700.0,85827.8,2026-01-05 10:23:00+05:30,410.6,85700.0,85823.25,Stop Loss,-5.4500000000000455
2026-01-05,CALL,2026-01-05 10:25:00+05:30,425.6,85700.0,85862.78,2026-01-05 10:26:00+05:30,425.65,85700.0,85855.68,Stop Loss,-0.049999999999954525
2026-01-05,CALL,2026-01-05 10:28:00+05:30,413.85,85700.0,85847.02,2026-01-05 15:29:00+05:30,151.95,85700.0,85440.72,EOD,261.90000000000003
2026-01-05,PUT,2026-01-05 13:51:00+05:30,373.9,85700.0,85491.43,2026-01-05 13:52:00+05:30,387.05,85700.0,85480.73,Stop Loss,-13.150000000000034
2026-01-05,PUT,2026-01-05 13:54:00+05:30,387.15,85700.0,85478.79,2026-01-05 13:55:00+05:30,388.1,85700.0,85485.95,Stop Loss,-0.9500000000000455
2026-01-05,PUT,2026-01-05 13:57:00+05:30,387.0,85700.0,85486.57,2026-01-05 13:58:00+05:30,391.75,85700.0,85469.11,Stop Loss,-4.75
2026-01-05,PUT,2026-01-05 14:04:00+05:30,475.5,85700.0,85363.74,2026-01-05 14:05:00+05:30,514.9,85700.0,85332.27,Stop Loss,-39.39999999999998
2026-01-05,PUT,2026-01-05 14:06:00+05:30,470.3,85700.0,85365.89,2026-01-05 14:07:00+05:30,483.1,85700.0,85363.92,Stop Loss,-12.800000000000011
2026-01-05,PUT,2026-01-05 14:09:00+05:30,478.8,85700.0,85343.48,2026-01-05 14:10:00+05:30,481.55,85700.0,85361.36,Stop Loss,-2.75
2026-01-05,PUT,2026-01-05 14:11:00+05:30,477.55,85700.0,85369.46,2026-01-05 14:17:00+05:30,478.0,85700.0,85376.43,Stop Loss,-0.44999999999998863
2026-01-05,PUT,2026-01-05 14:18:00+05:30,473.9,85700.0,85376.53,2026-01-05 14:19:00+05:30,477.55,85700.0,85365.73,Stop Loss,-3.650000000000034
2026-01-05,PUT,2026-01-05 14:22:00+05:30,478.65,85700.0,85333.33,2026-01-05 15:29:00+05:30,434.9,85700.0,85440.72,EOD,43.75
2026-01-06,PUT,2026-01-06 09:15:00+05:30,196.8,85300.0,85276.27,2026-01-06 09:16:00+05:30,255.7,85300.0,85243.36,Stop Loss,-58.89999999999998
2026-01-06,CALL,2026-01-06 09:16:00+05:30,290.45,85300.0,85243.36,2026-01-06 09:55:00+05:30,295.25,85300.0,85294.67,Stop Loss,-4.800000000000011
2026-01-06,PUT,2026-01-06 09:17:00+05:30,251.15,85300.0,85233.35,2026-01-06 09:19:00+05:30,272.5,85300.0,85166.87,Stop Loss,-21.349999999999994
2026-01-06,PUT,2026-01-06 09:22:00+05:30,285.5,85300.0,85174.57,2026-01-06 09:23:00+05:30,290.05,85300.0,85149.9,Stop Loss,-4.550000000000011
2026-01-06,PUT,2026-01-06 09:29:00+05:30,352.0,85300.0,85078.23,2026-01-06 11:20:00+05:30,364.15,85300.0,84997.04,Stop Loss,-12.149999999999977
2026-01-06,CALL,2026-01-06 09:57:00+05:30,303.7,85300.0,85315.12,2026-01-06 09:58:00+05:30,321.3,85300.0,85337.13,Stop Loss,-17.600000000000023
2026-01-06,CALL,2026-01-06 10:01:00+05:30,334.5,85300.0,85364.3,2026-01-06 10:02:00+05:30,356.1,85300.0,85388.25,Stop Loss,-21.600000000000023
2026-01-06,CALL,2026-01-06 10:03:00+05:30,351.0,85300.0,85371.79,2026-01-06 15:29:00+05:30,141.3,85300.0,85027.58,EOD,209.7
2026-01-06,PUT,2026-01-06 11:22:00+05:30,374.95,85300.0,84973.94,2026-01-06 14:09:00+05:30,377.7,85300.0,84942.5,Stop Loss,-2.75
2026-01-06,PUT,2026-01-06 14:11:00+05:30,384.0,85300.0,84927.56,2026-01-06 14:12:00+05:30,389.0,85300.0,84913.89,Stop Loss,-5.0
2026-01-06,PUT,2026-01-06 14:14:00+05:30,384.05,85300.0,84923.32,2026-01-06 14:15:00+05:30,386.65,85300.0,84932.08,Stop Loss,-2.599999999999966
2026-01-06,PUT,2026-01-06 14:16:00+05:30,383.15,85300.0,84921.02,2026-01-06 14:18:00+05:30,385.5,85300.0,84925.25,Stop Loss,-2.3500000000000227
2026-01-06,PUT,2026-01-06 14:19:00+05:30,382.85,85300.0,84925.43,2026-01-06 14:20:00+05:30,389.05,85300.0,84911.71,Stop Loss,-6.199999999999989
2026-01-06,PUT,2026-01-06 14:22:00+05:30,385.3,85300.0,84912.21,2026-01-06 15:29:00+05:30,313.9,85300.0,85027.58,EOD,71.40000000000003
2026-01-07,CALL,2026-01-07 09:15:00+05:30,200.15,84900.0,84872.56,2026-01-07 09:16:00+05:30,230.9,84900.0,84917.95,Stop Loss,-30.75
2026-01-07,PUT,2026-01-07 09:15:00+05:30,189.1,84900.0,84872.56,2026-01-07 09:46:00+05:30,195.5,84900.0,84820.42,Stop Loss,-6.400000000000006
2026-01-07,CALL,2026-01-07 09:17:00+05:30,225.45,84900.0,84937.61,2026-01-07 09:18:00+05:30,234.55,84900.0,84954.55,Stop Loss,-9.100000000000023
2026-01-07,CALL,2026-01-07 09:19:00+05:30,214.0,84900.0,84915.53,2026-01-07 09:20:00+05:30,240.5,84900.0,84975.89,Stop Loss,-26.5
2026-01-07,CALL,2026-01-07 09:22:00+05:30,255.65,84900.0,84978.27,2026-01-07 09:23:00+05:30,274.95,84900.0,84995.37,Stop Loss,-19.299999999999983
2026-01-07,CALL,2026-01-07 09:24:00+05:30,270.25,84900.0,84998.83,2026-01-07 10:09:00+05:30,273.05,84900.0,85000.16,Stop Loss,-2.8000000000000114
2026-01-07,PUT,2026-01-07 09:47:00+05:30,190.8,84900.0,84827.79,2026-01-07 09:52:00+05:30,203.65,84900.0,84797.17,Stop Loss,-12.849999999999994
2026-01-07,PUT,2026-01-07 09:53:00+05:30,190.4,84900.0,84814.23,2026-01-07 09:54:00+05:30,190.6,84900.0,84830.73,Stop Loss,-0.19999999999998863
2026-01-07,PUT,2026-01-07 09:56:00+05:30,188.2,84900.0,84850.61,2026-01-07 12:43:00+05:30,207.1,84900.0,84748.96,Stop Loss,-18.900000000000006
2026-01-07,CALL,2026-01-07 10:10:00+05:30,265.65,84900.0,84992.6,2026-01-07 10:12:00+05:30,269.1,84900.0,84984.68,Stop Loss,-3.4500000000000455
2026-01-07,CALL,2026-01-07 10:16:00+05:30,308.6,84900.0,85051.28,2026-01-07 15:29:00+05:30,190.0,84900.0,84968.05,EOD,118.60000000000002
2026-01-07,PUT,2026-01-07 12:45:00+05:30,205.3,84900.0,84758.67,2026-01-07 12:46:00+05:30,214.6,84900.0,84740.45,Stop Loss,-9.299999999999983
2026-01-07,PUT,2026-01-07 12:47:00+05:30,202.25,84900.0,84769.95,2026-01-07 12:48:00+05:30,210.2,84900.0,84763.82,Stop Loss,-7.949999999999989
2026-01-07,PUT,2026-01-07 12:49:00+05:30,211.65,84900.0,84747.76,2026-01-07 13:28:00+05:30,214.7,84900.0,84727.76,Stop Loss,-3.049999999999983
2026-01-07,PUT,2026-01-07 13:29:00+05:30,215.5,84900.0,84724.82,2026-01-07 13:30:00+05:30,218.45,84900.0,84718.2,Stop Loss,-2.9499999999999886
2026-01-07,PUT,2026-01-07 13:31:00+05:30,211.15,84900.0,84734.61,2026-01-07 13:32:00+05:30,213.8,84900.0,84735.88,Stop Loss,-2.6500000000000057
2026-01-07,PUT,2026-01-07 13:33:00+05:30,213.4,84900.0,84739.86,2026-01-07 13:42:00+05:30,213.5,84900.0,84715.17,Stop Loss,-0.09999999999999432
2026-01-07,PUT,2026-01-07 13:43:00+05:30,211.0,84900.0,84736.51,2026-01-07 15:29:00+05:30,115.0,84900.0,84968.05,EOD,96.0
2026-01-08,CALL,2026-01-08 09:15:00+05:30,148.6,84800.0,84842.83,2026-01-08 09:16:00+05:30,154.65,84800.0,84873.22,Stop Loss,-6.050000000000011
2026-01-08,PUT,2026-01-08 09:16:00+05:30,98.55,84800.0,84873.22,2026-01-08 09:21:00+05:30,99.45,84800.0,84867.93,Stop Loss,-0.9000000000000057
2026-01-08,CALL,2026-01-08 09:19:00+05:30,181.1,84800.0,84931.27,2026-01-08 15:29:00+05:30,0.1,84800.0,84162.02,EOD,181.0
2026-01-08,PUT,2026-01-08 09:23:00+05:30,104.0,84800.0,84830.82,2026-01-08 09:25:00+05:30,109.75,84800.0,84825.89,Stop Loss,-5.75
2026-01-08,PUT,2026-01-08 09:27:00+05:30,120.7,84800.0,84785.71,2026-01-08 09:28:00+05:30,123.75,84800.0,84774.79,Stop Loss,-3.049999999999997
2026-01-08,PUT,2026-01-08 09:31:00+05:30,135.8,84800.0,84775.05,2026-01-08 09:32:00+05:30,147.15,84800.0,84743.8,Stop Loss,-11.349999999999994
2026-01-08,PUT,2026-01-08 09:33:00+05:30,143.0,84800.0,84697.78,2026-01-08 10:19:00+05:30,153.55,84800.0,84677.24,Stop Loss,-10.550000000000011
2026-01-08,PUT,2026-01-08 10:22:00+05:30,169.05,84800.0,84649.07,2026-01-08 10:52:00+05:30,185.45,84800.0,84618.52,Stop Loss,-16.399999999999977
2026-01-08,PUT,2026-01-08 10:53:00+05:30,175.0,84800.0,84652.52,2026-01-08 10:59:00+05:30,176.1,84800.0,84631.92,Stop Loss,-1.0999999999999943
2026-01-08,PUT,2026-01-08 11:03:00+05:30,181.45,84800.0,84632.74,2026-01-08 11:14:00+05:30,186.1,84800.0,84598.64,Stop Loss,-4.650000000000006
2026-01-08,PUT,2026-01-08 11:15:00+05:30,183.3,84800.0,84607.49,2026-01-08 11:18:00+05:30,192.4,84800.0,84609.79,Stop Loss,-9.099999999999994
2026-01-08,PUT,2026-01-08 11:19:00+05:30,191.25,84800.0,84605.19,2026-01-08 11:20:00+05:30,225.1,84800.0,84573.06,Stop Loss,-33.849999999999994
2026-01-08,PUT,2026-01-08 11:22:00+05:30,249.4,84800.0,84541.95,2026-01-08 11:23:00+05:30,254.15,84800.0,84521.81,Stop Loss,-4.75
2026-01-08,PUT,2026-01-08 11:26:00+05:30,265.1,84800.0,84520.06,2026-01-08 11:30:00+05:30,269.2,84800.0,84500.09,Stop Loss,-4.099999999999966
2026-01-08,PUT,2026-01-08 11:31:00+05:30,269.4,84800.0,84512.66,2026-01-08 11:34:00+05:30,270.5,84800.0,84512.72,Stop Loss,-1.1000000000000227
2026-01-08,PUT,2026-01-08 11:35:00+05:30,263.1,84800.0,84513.77,2026-01-08 11:47:00+05:30,274.8,84800.0,84498.31,Stop Loss,-11.699999999999989
2026-01-08,PUT,2026-01-08 11:50:00+05:30,300.0,84800.0,84484.12,2026-01-08 11:54:00+05:30,304.0,84800.0,84482.79,Stop Loss,-4.0
2026-01-08,PUT,2026-01-08 11:55:00+05:30,300.45,84800.0,84475.19,2026-01-08 11:56:00+05:30,307.4,84800.0,84462.09,Stop Loss,-6.949999999999989
2026-01-08,PUT,2026-01-08 12:06:00+05:30,518.75,84800.0,84293.48,2026-01-08 12:52:00+05:30,519.25,84800.0,84283.21,Stop Loss,-0.5
2026-01-08,PUT,2026-01-08 12:53:00+05:30,480.0,84800.0,84291.81,2026-01-08 12:54:00+05:30,483.05,84800.0,84296.82,Stop Loss,-3.0500000000000114
2026-01-08,PUT,2026-01-08 12:55:00+05:30,493.5,84800.0,84290.84,2026-01-08 12:59:00+05:30,500.6,84800.0,84301.28,Stop Loss,-7.100000000000023
2026-01-08,PUT,2026-01-08 13:00:00+05:30,518.15,84800.0,84274.01,2026-01-08 13:01:00+05:30,519.4,84800.0,84266.31,Stop Loss,-1.25
2026-01-08,PUT,2026-01-08 13:02:00+05:30,504.15,84800.0,84269.13,2026-01-08 13:26:00+05:30,530.25,84800.0,84245.05,Stop Loss,-26.100000000000023
2026-01-08,PUT,2026-01-08 13:27:00+05:30,515.1,84800.0,84280.12,2026-01-08 13:28:00+05:30,528.7,84800.0,84271.75,Stop Loss,-13.600000000000023
2026-01-08,PUT,2026-01-08 13:31:00+05:30,550.35,84800.0,84229.4,2026-01-08 13:32:00+05:30,552.9,84800.0,84241.84,Stop Loss,-2.5499999999999545
2026-01-08,PUT,2026-01-08 13:33:00+05:30,526.05,84800.0,84266.3,2026-01-08 13:42:00+05:30,526.8,84800.0,84256.73,Stop Loss,-0.75
2026-01-08,PUT,2026-01-08 13:43:00+05:30,505.85,84800.0,84278.68,2026-01-08 14:59:00+05:30,529.8,84800.0,84276.23,Stop Loss,-23.949999999999932
2026-01-08,PUT,2026-01-08 15:01:00+05:30,569.5,84800.0,84218.13,2026-01-08 15:02:00+05:30,583.5,84800.0,84215.73,Stop Loss,-14.0
2026-01-08,PUT,2026-01-08 15:03:00+05:30,587.5,84800.0,84209.76,2026-01-08 15:04:00+05:30,614.6,84800.0,84136.56,Stop Loss,-27.100000000000023
2026-01-08,PUT,2026-01-08 15:07:00+05:30,631.4,84800.0,84171.85,2026-01-08 15:29:00+05:30,617.15,84800.0,84162.02,EOD,14.25
2026-01-09,PUT,2026-01-09 09:15:00+05:30,319.8,84200.0,84247.78,2026-01-09 09:22:00+05:30,328.35,84200.0,84198.56,Stop Loss,-8.550000000000011
2026-01-09,CALL,2026-01-09 09:18:00+05:30,533.95,84200.0,84352.67,2026-01-09 09:19:00+05:30,556.45,84200.0,84387.23,Stop Loss,-22.5
2026-01-09,CALL,2026-01-09 09:20:00+05:30,533.75,84200.0,84325.13,2026-01-09 15:29:00+05:30,244.95,84200.0,83638.66,EOD,288.8
2026-01-09,PUT,2026-01-09 09:23:00+05:30,324.0,84200.0,84196.84,2026-01-09 09:24:00+05:30,337.9,84200.0,84147.74,Stop Loss,-13.899999999999977
2026-01-09,PUT,2026-01-09 09:25:00+05:30,330.4,84200.0,84113.23,2026-01-09 09:27:00+05:30,344.05,84200.0,84112.52,Stop Loss,-13.650000000000034
2026-01-09,PUT,2026-01-09 09:30:00+05:30,334.0,84200.0,84113.54,2026-01-09 09:31:00+05:30,346.8,84200.0,84134.01,Stop Loss,-12.800000000000011
2026-01-09,PUT,2026-01-09 09:34:00+05:30,365.7,84200.0,84062.87,2026-01-09 09:35:00+05:30,372.6,84200.0,84053.72,Stop Loss,-6.900000000000034
2026-01-09,PUT,2026-01-09 09:36:00+05:30,365.65,84200.0,84082.2,2026-01-09 09:37:00+05:30,369.45,84200.0,84069.91,Stop Loss,-3.8000000000000114
2026-01-09,PUT,2026-01-09 09:39:00+05:30,364.0,84200.0,84066.0,2026-01-09 09:40:00+05:30,383.25,84200.0,84044.47,Stop Loss,-19.25
2026-01-09,PUT,2026-01-09 09:41:00+05:30,371.9,84200.0,84057.83,2026-01-09 09:42:00+05:30,375.05,84200.0,84058.18,Stop Loss,-3.150000000000034
2026-01-09,PUT,2026-01-09 09:43:00+05:30,355.55,84200.0,84081.77,2026-01-09 10:36:00+05:30,370.3,84200.0,84068.35,Stop Loss,-14.75
2026-01-09,PUT,2026-01-09 10:37:00+05:30,346.15,84200.0,84096.96,2026-01-09 10:38:00+05:30,360.05,84200.0,84067.82,Stop Loss,-13.900000000000034
2026-01-09,PUT,2026-01-09 10:39:00+05:30,349.2,84200.0,84091.76,2026-01-09 10:40:00+05:30,359.4,84200.0,84082.15,Stop Loss,-10.199999999999989
2026-01-09,PUT,2026-01-09 10:41:00+05:30,358.25,84200.0,84080.12,2026-01-09 10:52:00+05:30,372.3,84200.0,84050.94,Stop Loss,-14.050000000000011
2026-01-09,PUT,2026-01-09 10:56:00+05:30,382.75,84200.0,84011.16,2026-01-09 10:57:00+05:30,441.9,84200.0,83973.88,Stop Loss,-59.14999999999998
2026-01-09,PUT,2026-01-09 10:58:00+05:30,429.75,84200.0,83941.63,2026-01-09 11:00:00+05:30,434.55,84200.0,83958.01,Stop Loss,-4.800000000000011
2026-01-09,PUT,2026-01-09 11:01:00+05:30,433.1,84200.0,83958.76,2026-01-09 11:02:00+05:30,433.35,84200.0,83937.26,Stop Loss,-0.25
2026-01-09,PUT,2026-01-09 11:03:00+05:30,427.75,84200.0,83950.3,2026-01-09 11:04:00+05:30,434.2,84200.0,83944.58,Stop Loss,-6.449999999999989
2026-01-09,PUT,2026-01-09 11:05:00+05:30,428.05,84200.0,83953.0,2026-01-09 11:07:00+05:30,429.0,84200.0,83957.06,Stop Loss,-0.9499999999999886
2026-01-09,PUT,2026-01-09 11:08:00+05:30,430.6,84200.0,83944.31,2026-01-09 11:13:00+05:30,430.75,84200.0,83947.09,Stop Loss,-0.14999999999997726
2026-01-09,PUT,2026-01-09 11:15:00+05:30,432.35,84200.0,83932.97,2026-01-09 11:16:00+05:30,444.2,84200.0,83911.51,Stop Loss,-11.849999999999966
2026-01-09,PUT,2026-01-09 11:17:00+05:30,430.6,84200.0,83910.77,2026-01-09 11:18:00+05:30,440.4,84200.0,83913.55,Stop Loss,-9.799999999999955
2026-01-09,PUT,2026-01-09 11:20:00+05:30,440.2,84200.0,83914.38,2026-01-09 11:21:00+05:30,450.95,84200.0,83896.2,Stop Loss,-10.75
2026-01-09,PUT,2026-01-09 11:22:00+05:30,437.35,84200.0,83914.57,2026-01-09 11:23:00+05:30,443.6,84200.0,83916.46,Stop Loss,-6.25
2026-01-09,PUT,2026-01-09 11:25:00+05:30,435.55,84200.0,83920.11,2026-01-09 11:27:00+05:30,442.85,84200.0,83932.79,Stop Loss,-7.300000000000011
2026-01-09,PUT,2026-01-09 11:28:00+05:30,431.7,84200.0,83933.87,2026-01-09 11:29:00+05:30,434.85,84200.0,83931.01,Stop Loss,-3.150000000000034
2026-01-09,PUT,2026-01-09 11:30:00+05:30,430.15,84200.0,83952.85,2026-01-09 11:33:00+05:30,434.2,84200.0,83950.26,Stop Loss,-4.050000000000011
2026-01-09,PUT,2026-01-09 11:36:00+05:30,497.45,84200.0,83829.25,2026-01-09 11:37:00+05:30,527.95,84200.0,83796.1,Stop Loss,-30.500000000000057
2026-01-09,PUT,2026-01-09 11:39:00+05:30,520.1,84200.0,83780.25,2026-01-09 11:41:00+05:30,526.85,84200.0,83782.18,Stop Loss,-6.75
2026-01-09,PUT,2026-01-09 11:42:00+05:30,517.15,84200.0,83803.21,2026-01-09 11:43:00+05:30,524.25,84200.0,83799.69,Stop Loss,-7.100000000000023
2026-01-09,PUT,2026-01-09 11:45:00+05:30,531.05,84200.0,83789.37,2026-01-09 11:46:00+05:30,564.05,84200.0,83747.56,Stop Loss,-33.0
2026-01-09,PUT,2026-01-09 11:47:00+05:30,562.0,84200.0,83746.37,2026-01-09 11:52:00+05:30,568.05,84200.0,83729.38,Stop Loss,-6.0499999999999545
2026-01-09,PUT,2026-01-09 11:53:00+05:30,566.2,84200.0,83720.5,2026-01-09 11:56:00+05:30,567.35,84200.0,83724.85,Stop Loss,-1.1499999999999773
2026-01-09,PUT,2026-01-09 11:57:00+05:30,563.9,84200.0,83724.16,2026-01-09 11:58:00+05:30,564.6,84200.0,83727.72,Stop Loss,-0.7000000000000455
2026-01-09,PUT,2026-01-09 11:59:00+05:30,561.25,84200.0,83742.27,2026-01-09 12:14:00+05:30,562.85,84200.0,83721.24,Stop Loss,-1.6000000000000227
2026-01-09,PUT,2026-01-09 12:15:00+05:30,559.55,84200.0,83735.15,2026-01-09 12:18:00+05:30,562.3,84200.0,83736.19,Stop Loss,-2.75
2026-01-09,PUT,2026-01-09 12:19:00+05:30,560.65,84200.0,83738.31,2026-01-09 12:20:00+05:30,569.6,84200.0,83733.8,Stop Loss,-8.950000000000045
2026-01-09,PUT,2026-01-09 12:21:00+05:30,564.25,84200.0,83735.44,2026-01-09 12:22:00+05:30,570.25,84200.0,83727.76,Stop Loss,-6.0
2026-01-09,PUT,2026-01-09 12:23:00+05:30,566.3,84200.0,83721.69,2026-01-09 12:24:00+05:30,580.0,84200.0,83713.33,Stop Loss,-13.700000000000045
2026-01-09,PUT,2026-01-09 12:25:00+05:30,569.35,84200.0,83730.61,2026-01-09 12:26:00+05:30,587.25,84200.0,83709.26,Stop Loss,-17.899999999999977
2026-01-09,PUT,2026-01-09 12:30:00+05:30,605.25,84200.0,83666.59,2026-01-09 12:31:00+05:30,610.5,84200.0,83680.6,Stop Loss,-5.25
2026-01-09,PUT,2026-01-09 12:32:00+05:30,597.25,84200.0,83686.3,2026-01-09 12:33:00+05:30,611.5,84200.0,83670.23,Stop Loss,-14.25
2026-01-09,PUT,2026-01-09 12:38:00+05:30,690.75,84200.0,83564.61,2026-01-09 12:39:00+05:30,696.35,84200.0,83581.66,Stop Loss,-5.600000000000023
2026-01-09,PUT,2026-01-09 12:43:00+05:30,721.9,84200.0,83549.06,2026-01-09 12:48:00+05:30,723.6,84200.0,83542.72,Stop Loss,-1.7000000000000455
2026-01-09,PUT,2026-01-09 12:50:00+05:30,724.0,84200.0,83521.68,2026-01-09 14:18:00+05:30,726.55,84200.0,83504.88,Stop Loss,-2.5499999999999545
2026-01-09,PUT,2026-01-09 14:19:00+05:30,715.55,84200.0,83494.16,2026-01-09 14:21:00+05:30,728.5,84200.0,83502.89,Stop Loss,-12.950000000000045
2026-01-09,PUT,2026-01-09 14:23:00+05:30,730.65,84200.0,83502.18,2026-01-09 14:41:00+05:30,792.8,84200.0,83438.91,Stop Loss,-62.14999999999998
2026-01-09,PUT,2026-01-09 14:43:00+05:30,772.9,84200.0,83465.15,2026-01-09 15:29:00+05:30,632.45,84200.0,83638.66,EOD,140.44999999999993
2026-01-12,CALL,2026-01-12 09:15:00+05:30,399.9,83500.0,83463.46,2026-01-12 12:21:00+05:30,440.9,83500.0,83447.86,Stop Loss,-41.0
2026-01-12,PUT,2026-01-12 09:18:00+05:30,399.5,83500.0,83326.28,2026-01-12 09:19:00+05:30,406.7,83500.0,83305.12,Stop Loss,-7.199999999999989
2026-01-12,PUT,2026-01-12 09:28:00+05:30,548.2,83500.0,83085.1,2026-01-12 09:29:00+05:30,550.05,83500.0,83071.94,Stop Loss,-1.849999999999909
2026-01-12,PUT,2026-01-12 09:30:00+05:30,496.1,83500.0,83153.56,2026-01-12 09:31:00+05:30,515.8,83500.0,83146.72,Stop Loss,-19.699999999999932
2026-01-12,PUT,2026-01-12 09:32:00+05:30,528.0,83500.0,83127.58,2026-01-12 10:46:00+05:30,541.0,83500.0,83079.4,Stop Loss,-13.0
2026-01-12,PUT,2026-01-12 10:47:00+05:30,521.45,83500.0,83104.23,2026-01-12 10:58:00+05:30,527.75,83500.0,83087.27,Stop Loss,-6.2999999999999545
2026-01-12,PUT,2026-01-12 10:59:00+05:30,531.0,83500.0,83090.84,2026-01-12 11:01:00+05:30,535.2,83500.0,83086.77,Stop Loss,-4.2000000000000455
2026-01-12,PUT,2026-01-12 11:02:00+05:30,525.15,83500.0,83092.63,2026-01-12 11:03:00+05:30,529.0,83500.0,83096.06,Stop Loss,-3.8500000000000227
2026-01-12,PUT,2026-01-12 11:04:00+05:30,530.0,83500.0,83099.26,2026-01-12 11:05:00+05:30,540.9,83500.0,83069.97,Stop Loss,-10.899999999999977
2026-01-12,PUT,2026-01-12 11:06:00+05:30,534.6,83500.0,83068.05,2026-01-12 11:09:00+05:30,534.65,83500.0,83078.81,Stop Loss,-0.049999999999954525
2026-01-12,PUT,2026-01-12 11:10:00+05:30,529.85,83500.0,83090.84,2026-01-12 11:11:00+05:30,539.25,83500.0,83078.5,Stop Loss,-9.399999999999977
2026-01-12,PUT,2026-01-12 11:12:00+05:30,531.6,83500.0,83087.45,2026-01-12 11:13:00+05:30,548.45,83500.0,83049.69,Stop Loss,-16.850000000000023
2026-01-12,PUT,2026-01-12 11:18:00+05:30,584.9,83500.0,83011.28,2026-01-12 11:19:00+05:30,590.95,83500.0,82985.52,Stop Loss,-6.050000000000068
2026-01-12,PUT,2026-01-12 11:22:00+05:30,603.6,83500.0,82974.33,2026-01-12 11:23:00+05:30,608.75,83500.0,82965.42,Stop Loss,-5.149999999999977
2026-01-12,PUT,2026-01-12 11:24:00+05:30,603.4,83500.0,82968.55,2026-01-12 11:29:00+05:30,616.8,83500.0,82963.23,Stop Loss,-13.399999999999977
2026-01-12,PUT,2026-01-12 11:35:00+05:30,661.1,83500.0,82893.98,2026-01-12 11:36:00+05:30,663.0,83500.0,82900.24,Stop Loss,-1.8999999999999773
2026-01-12,PUT,2026-01-12 11:40:00+05:30,668.0,83500.0,82907.25,2026-01-12 11:41:00+05:30,668.9,83500.0,82905.08,Stop Loss,-0.8999999999999773
2026-01-12,PUT,2026-01-12 11:44:00+05:30,684.85,83500.0,82888.2,2026-01-12 11:45:00+05:30,694.25,83500.0,82878.13,Stop Loss,-9.399999999999977
2026-01-12,PUT,2026-01-12 11:46:00+05:30,670.0,83500.0,82889.95,2026-01-12 11:51:00+05:30,673.4,83500.0,82907.63,Stop Loss,-3.3999999999999773
2026-01-12,PUT,2026-01-12 11:52:00+05:30,662.75,83500.0,82914.49,2026-01-12 11:54:00+05:30,665.7,83500.0,82916.67,Stop Loss,-2.9500000000000455
2026-01-12,PUT,2026-01-12 11:55:00+05:30,658.7,83500.0,82935.55,2026-01-12 11:56:00+05:30,663.95,83500.0,82925.72,Stop Loss,-5.25
2026-01-12,PUT,2026-01-12 11:57:00+05:30,654.6,83500.0,82931.98,2026-01-12 12:00:00+05:30,654.8,83500.0,82940.22,Stop Loss,-0.1999999999999318
2026-01-12,PUT,2026-01-12 12:01:00+05:30,628.9,83500.0,82961.47,2026-01-12 12:02:00+05:30,629.0,83500.0,82971.68,Stop Loss,-0.10000000000002274
2026-01-12,PUT,2026-01-12 12:03:00+05:30,647.3,83500.0,82945.92,2026-01-12 12:04:00+05:30,652.0,83500.0,82931.4,Stop Loss,-4.7000000000000455
2026-01-12,PUT,2026-01-12 12:05:00+05:30,640.3,83500.0,82953.29,2026-01-12 15:29:00+05:30,162.0,83500.0,83961.3,EOD,478.29999999999995
2026-01-12,CALL,2026-01-12 12:22:00+05:30,394.9,83500.0,83404.64,2026-01-12 12:23:00+05:30,411.4,83500.0,83394.69,Stop Loss,-16.5
2026-01-12,CALL,2026-01-12 12:28:00+05:30,415.95,83500.0,83441.37,2026-01-12 12:29:00+05:30,431.25,83500.0,83451.06,Stop Loss,-15.300000000000011
2026-01-12,CALL,2026-01-12 12:31:00+05:30,453.25,83500.0,83490.83,2026-01-12 12:32:00+05:30,489.8,83500.0,83558.16,Stop Loss,-36.55000000000001
2026-01-12,CALL,2026-01-12 12:35:00+05:30,512.65,83500.0,83564.01,2026-01-12 12:36:00+05:30,539.95,83500.0,83580.03,Stop Loss,-27.300000000000068
2026-01-12,CALL,2026-01-12 12:37:00+05:30,501.95,83500.0,83574.72,2026-01-12 12:41:00+05:30,521.3,83500.0,83583.52,Stop Loss,-19.349999999999966
2026-01-12,CALL,2026-01-12 12:43:00+05:30,579.15,83500.0,83675.43,2026-01-12 12:44:00+05:30,589.3,83500.0,83664.28,Stop Loss,-10.149999999999977
2026-01-12,CALL,2026-01-12 12:46:00+05:30,563.1,83500.0,83648.45,2026-01-12 12:47:00+05:30,571.0,83500.0,83647.46,Stop Loss,-7.899999999999977
2026-01-12,CALL,2026-01-12 12:48:00+05:30,567.8,83500.0,83632.88,2026-01-12 12:50:00+05:30,578.75,83500.0,83647.79,Stop Loss,-10.950000000000045
2026-01-12,CALL,2026-01-12 12:51:00+05:30,554.75,83500.0,83631.29,2026-01-12 12:52:00+05:30,575.65,83500.0,83647.32,Stop Loss,-20.899999999999977
2026-01-12,CALL,2026-01-12 12:53:00+05:30,572.25,83500.0,83642.9,2026-01-12 12:54:00+05:30,581.3,83500.0,83663.05,Stop Loss,-9.049999999999955
2026-01-12,CALL,2026-01-12 12:55:00+05:30,557.4,83500.0,83633.13,2026-01-12 12:56:00+05:30,573.7,83500.0,83643.16,Stop Loss,-16.300000000000068
2026-01-12,CALL,2026-01-12 12:57:00+05:30,569.15,83500.0,83630.18,2026-01-12 13:33:00+05:30,591.35,83500.0,83718.72,Stop Loss,-22.200000000000045
2026-01-12,CALL,2026-01-12 13:37:00+05:30,592.4,83500.0,83720.24,2026-01-12 13:41:00+05:30,606.7,83500.0,83749.03,Stop Loss,-14.300000000000068
2026-01-12,CALL,2026-01-12 13:42:00+05:30,591.25,83500.0,83724.1,2026-01-12 13:43:00+05:30,592.3,83500.0,83731.97,Stop Loss,-1.0499999999999545
2026-01-12,CALL,2026-01-12 13:44:00+05:30,561.7,83500.0,83695.89,2026-01-12 13:45:00+05:30,583.35,83500.0,83723.96,Stop Loss,-21.649999999999977
2026-01-12,CALL,2026-01-12 13:47:00+05:30,591.9,83500.0,83720.93,2026-01-12 13:53:00+05:30,595.5,83500.0,83725.06,Stop Loss,-3.6000000000000227
2026-01-12,CALL,2026-01-12 13:55:00+05:30,577.95,83500.0,83722.57,2026-01-12 13:58:00+05:30,579.75,83500.0,83720.48,Stop Loss,-1.7999999999999545
2026-01-12,CALL,2026-01-12 13:59:00+05:30,584.65,83500.0,83721.79,2026-01-12 14:09:00+05:30,587.05,83500.0,83716.92,Stop Loss,-2.3999999999999773
2026-01-12,CALL,2026-01-12 14:10:00+05:30,581.85,83500.0,83708.92,2026-01-12 14:12:00+05:30,584.4,83500.0,83716.1,Stop Loss,-2.5499999999999545
2026-01-12,CALL,2026-01-12 14:13:00+05:30,566.1,83500.0,83702.49,2026-01-12 14:16:00+05:30,567.6,83500.0,83699.37,Stop Loss,-1.5
2026-01-12,CALL,2026-01-12 14:17:00+05:30,585.0,83500.0,83715.97,2026-01-12 14:22:00+05:30,601.4,83500.0,83756.9,Stop Loss,-16.399999999999977
2026-01-12,CALL,2026-01-12 14:25:00+05:30,621.25,83500.0,83793.4,2026-01-12 14:45:00+05:30,623.35,83500.0,83786.32,Stop Loss,-2.1000000000000227
2026-01-12,CALL,2026-01-12 14:47:00+05:30,615.65,83500.0,83795.39,2026-01-12 14:49:00+05:30,618.3,83500.0,83790.36,Stop Loss,-2.6499999999999773
2026-01-12,CALL,2026-01-12 14:52:00+05:30,644.95,83500.0,83831.65,2026-01-12 14:53:00+05:30,694.85,83500.0,83863.49,Stop Loss,-49.89999999999998
2026-01-12,CALL,2026-01-12 14:54:00+05:30,680.1,83500.0,83867.42,2026-01-12 14:55:00+05:30,705.4,83500.0,83892.33,Stop Loss,-25.299999999999955
2026-01-12,CALL,2026-01-12 14:58:00+05:30,724.75,83500.0,83922.67,2026-01-12 14:59:00+05:30,748.0,83500.0,83923.35,Stop Loss,-23.25
2026-01-12,CALL,2026-01-12 15:00:00+05:30,695.5,83500.0,83877.84,2026-01-12 15:01:00+05:30,713.95,83500.0,83866.03,Stop Loss,-18.450000000000045
2026-01-12,CALL,2026-01-12 15:02:00+05:30,688.75,83500.0,83864.58,2026-01-12 15:04:00+05:30,697.2,83500.0,83863.16,Stop Loss,-8.450000000000045
2026-01-12,CALL,2026-01-12 15:05:00+05:30,701.15,83500.0,83871.68,2026-01-12 15:15:00+05:30,707.6,83500.0,83854.61,Stop Loss,-6.4500000000000455
2026-01-12,CALL,2026-01-12 15:16:00+05:30,709.7,83500.0,83866.33,2026-01-12 15:18:00+05:30,711.25,83500.0,83870.39,Stop Loss,-1.5499999999999545
2026-01-12,CALL,2026-01-12 15:19:00+05:30,705.6,83500.0,83858.42,2026-01-12 15:23:00+05:30,710.95,83500.0,83880.19,Stop Loss,-5.350000000000023
2026-01-12,CALL,2026-01-12 15:24:00+05:30,717.55,83500.0,83914.5,2026-01-12 15:29:00+05:30,678.25,83500.0,83961.3,EOD,39.299999999999955
2026-01-13,CALL,2026-01-13 09:15:00+05:30,307.15,84100.0,84116.13,2026-01-13 09:17:00+05:30,317.6,84100.0,84158.95,Stop Loss,-10.450000000000045
2026-01-13,PUT,2026-01-13 09:15:00+05:30,224.0,84100.0,84116.13,2026-01-13 09:16:00+05:30,239.05,84100.0,84147.04,Stop Loss,-15.050000000000011
2026-01-13,PUT,2026-01-13 09:17:00+05:30,219.85,84100.0,84158.95,2026-01-13 09:18:00+05:30,280.2,84100.0,84093.94,Stop Loss,-60.349999999999994
2026-01-13,CALL,2026-01-13 09:18:00+05:30,288.1,84100.0,84093.94,2026-01-13 15:29:00+05:30,50.4,84100.0,83608.88,EOD,237.70000000000002
2026-01-13,PUT,2026-01-13 09:21:00+05:30,354.1,84100.0,83965.62,2026-01-13 09:26:00+05:30,380.4,84100.0,83934.06,Stop Loss,-26.299999999999955
2026-01-13,PUT,2026-01-13 09:30:00+05:30,477.5,84100.0,83790.44,2026-01-13 09:31:00+05:30,481.8,84100.0,83776.18,Stop Loss,-4.300000000000011
2026-01-13,PUT,2026-01-13 09:34:00+05:30,511.75,84100.0,83721.06,2026-01-13 09:35:00+05:30,539.1,84100.0,83708.15,Stop Loss,-27.350000000000023
2026-01-13,PUT,2026-01-13 09:38:00+05:30,541.5,84100.0,83675.68,2026-01-13 09:41:00+05:30,562.45,84100.0,83669.43,Stop Loss,-20.950000000000045
2026-01-13,PUT,2026-01-13 09:43:00+05:30,562.9,84100.0,83639.93,2026-01-13 09:56:00+05:30,616.8,84100.0,83585.98,Stop Loss,-53.89999999999998
2026-01-13,PUT,2026-01-13 09:57:00+05:30,589.3,84100.0,83595.25,2026-01-13 12:41:00+05:30,593.65,84100.0,83544.69,Stop Loss,-4.350000000000023
2026-01-13,PUT,2026-01-13 12:43:00+05:30,576.4,84100.0,83585.0,2026-01-13 12:45:00+05:30,591.95,84100.0,83555.07,Stop Loss,-15.550000000000068
2026-01-13,PUT,2026-01-13 12:47:00+05:30,606.15,84100.0,83558.07,2026-01-13 12:48:00+05:30,628.15,84100.0,83511.05,Stop Loss,-22.0
2026-01-13,PUT,2026-01-13 12:51:00+05:30,666.35,84100.0,83470.88,2026-01-13 12:52:00+05:30,670.5,84100.0,83471.7,Stop Loss,-4.149999999999977
2026-01-13,PUT,2026-01-13 12:54:00+05:30,695.9,84100.0,83446.08,2026-01-13 12:55:00+05:30,712.0,84100.0,83428.95,Stop Loss,-16.100000000000023
2026-01-13,PUT,2026-01-13 12:56:00+05:30,712.0,84100.0,83419.52,2026-01-13 13:00:00+05:30,732.3,84100.0,83379.75,Stop Loss,-20.299999999999955
2026-01-13,PUT,2026-01-13 13:03:00+05:30,756.85,84100.0,83348.04,2026-01-13 13:04:00+05:30,756.9,84100.0,83363.96,Stop Loss,-0.049999999999954525
2026-01-13,PUT,2026-01-13 13:05:00+05:30,752.0,84100.0,83360.85,2026-01-13 13:06:00+05:30,754.8,84100.0,83353.79,Stop Loss,-2.7999999999999545
2026-01-13,PUT,2026-01-13 13:07:00+05:30,738.4,84100.0,83371.38,2026-01-13 13:08:00+05:30,745.85,84100.0,83370.12,Stop Loss,-7.4500000000000455
2026-01-13,PUT,2026-01-13 13:09:00+05:30,732.3,84100.0,83374.9,2026-01-13 13:16:00+05:30,738.65,84100.0,83385.78,Stop Loss,-6.350000000000023
2026-01-13,PUT,2026-01-13 13:17:00+05:30,738.25,84100.0,83385.43,2026-01-13 14:06:00+05:30,752.9,84100.0,83332.66,Stop Loss,-14.649999999999977
2026-01-13,PUT,2026-01-13 14:07:00+05:30,740.9,84100.0,83365.15,2026-01-13 14:11:00+05:30,771.25,84100.0,83322.41,Stop Loss,-30.350000000000023
2026-01-13,PUT,2026-01-13 14:13:00+05:30,783.75,84100.0,83326.38,2026-01-13 14:21:00+05:30,794.9,84100.0,83297.02,Stop Loss,-11.149999999999977
2026-01-13,PUT,2026-01-13 14:23:00+05:30,783.9,84100.0,83315.39,2026-01-13 14:24:00+05:30,818.4,84100.0,83277.37,Stop Loss,-34.5
2026-01-13,PUT,2026-01-13 14:25:00+05:30,809.1,84100.0,83290.43,2026-01-13 14:29:00+05:30,813.0,84100.0,83294.57,Stop Loss,-3.8999999999999773
2026-01-13,PUT,2026-01-13 14:30:00+05:30,790.0,84100.0,83291.54,2026-01-13 15:29:00+05:30,515.7,84100.0,83608.88,EOD,274.29999999999995
2026-01-14,CALL,2026-01-14 09:15:00+05:30,156.5,83500.0,83485.21,2026-01-14 09:16:00+05:30,217.05,83500.0,83585.96,Stop Loss,-60.55000000000001
2026-01-14,PUT,2026-01-14 09:16:00+05:30,169.15,83500.0,83585.96,2026-01-14 09:17:00+05:30,170.55,83500.0,83595.64,Stop Loss,-1.4000000000000057
2026-01-14,CALL,2026-01-14 09:18:00+05:30,183.55,83500.0,83524.24,2026-01-14 09:20:00+05:30,210.3,83500.0,83542.44,Stop Loss,-26.75
2026-01-14,PUT,2026-01-14 09:20:00+05:30,151.35,83500.0,83542.44,2026-01-14 09:23:00+05:30,152.6,83500.0,83557.3,Stop Loss,-1.25
2026-01-14,CALL,2026-01-14 09:23:00+05:30,205.55,83500.0,83557.3,2026-01-14 09:25:00+05:30,228.4,83500.0,83594.46,Stop Loss,-22.849999999999994
2026-01-14,PUT,2026-01-14 09:24:00+05:30,156.9,83500.0,83539.39,2026-01-14 09:45:00+05:30,165.65,83500.0,83501.57,Stop Loss,-8.75
2026-01-14,CALL,2026-01-14 09:26:00+05:30,215.95,83500.0,83577.51,2026-01-14 09:27:00+05:30,242.85,83500.0,83617.24,Stop Loss,-26.900000000000006
2026-01-14,CALL,2026-01-14 09:29:00+05:30,253.5,83500.0,83648.23,2026-01-14 09:36:00+05:30,256.3,83500.0,83675.87,Stop Loss,-2.8000000000000114
2026-01-14,CALL,2026-01-14 09:37:00+05:30,241.35,83500.0,83650.91,2026-01-14 09:38:00+05:30,261.45,83500.0,83653.52,Stop Loss,-20.099999999999994
2026-01-14,CALL,2026-01-14 09:39:00+05:30,238.15,83500.0,83615.32,2026-01-14 09:41:00+05:30,241.9,83500.0,83623.1,Stop Loss,-3.75
2026-01-14,CALL,2026-01-14 09:42:00+05:30,219.7,83500.0,83606.85,2026-01-14 09:54:00+05:30,243.4,83500.0,83630.23,Stop Loss,-23.700000000000017
2026-01-14,PUT,2026-01-14 09:46:00+05:30,166.6,83500.0,83486.69,2026-01-14 09:48:00+05:30,167.75,83500.0,83489.12,Stop Loss,-1.1500000000000057
2026-01-14,PUT,2026-01-14 09:49:00+05:30,165.4,83500.0,83488.03,2026-01-14 10:18:00+05:30,169.55,83500.0,83446.9,Stop Loss,-4.150000000000006
2026-01-14,CALL,2026-01-14 09:56:00+05:30,240.5,83500.0,83648.92,2026-01-14 11:27:00+05:30,260.85,83500.0,83683.16,Stop Loss,-20.350000000000023
2026-01-14,PUT,2026-01-14 10:24:00+05:30,193.4,83500.0,83411.12,2026-01-14 10:31:00+05:30,206.35,83500.0,83382.16,Stop Loss,-12.949999999999989
2026-01-14,PUT,2026-01-14 10:32:00+05:30,200.1,83500.0,83387.59,2026-01-14 13:54:00+05:30,232.05,83500.0,83289.33,Stop Loss,-31.950000000000017
2026-01-14,CALL,2026-01-14 11:29:00+05:30,274.5,83500.0,83721.63,2026-01-14 11:30:00+05:30,284.7,83500.0,83736.57,Stop Loss,-10.199999999999989
2026-01-14,CALL,2026-01-14 11:31:00+05:30,262.15,83500.0,83692.49,2026-01-14 11:33:00+05:30,263.7,83500.0,83688.64,Stop Loss,-1.5500000000000114
2026-01-14,CALL,2026-01-14 11:34:00+05:30,273.05,83500.0,83706.02,2026-01-14 11:37:00+05:30,277.75,83500.0,83719.72,Stop Loss,-4.699999999999989
2026-01-14,CALL,2026-01-14 11:38:00+05:30,260.25,83500.0,83706.52,2026-01-14 11:39:00+05:30,268.1,83500.0,83713.47,Stop Loss,-7.850000000000023
2026-01-14,CALL,2026-01-14 11:40:00+05:30,266.1,83500.0,83717.94,2026-01-14 11:41:00+05:30,276.05,83500.0,83723.12,Stop Loss,-9.949999999999989
2026-01-14,CALL,2026-01-14 11:43:00+05:30,309.7,83500.0,83743.58,2026-01-14 11:49:00+05:30,341.85,83500.0,83766.24,Stop Loss,-32.150000000000034
2026-01-14,CALL,2026-01-14 11:50:00+05:30,300.8,83500.0,83752.71,2026-01-14 11:51:00+05:30,310.45,83500.0,83748.21,Stop Loss,-9.649999999999977
2026-01-14,CALL,2026-01-14 11:53:00+05:30,290.05,83500.0,83739.82,2026-01-14 11:54:00+05:30,317.4,83500.0,83761.96,Stop Loss,-27.349999999999966
2026-01-14,CALL,2026-01-14 11:55:00+05:30,297.8,83500.0,83721.65,2026-01-14 11:56:00+05:30,331.65,83500.0,83762.88,Stop Loss,-33.849999999999966
2026-01-14,CALL,2026-01-14 11:57:00+05:30,301.3,83500.0,83740.72,2026-01-14 11:58:00+05:30,317.45,83500.0,83755.33,Stop Loss,-16.149999999999977
2026-01-14,CALL,2026-01-14 11:59:00+05:30,300.0,83500.0,83758.46,2026-01-14 12:00:00+05:30,327.45,83500.0,83764.63,Stop Loss,-27.44999999999999
2026-01-14,CALL,2026-01-14 12:01:00+05:30,323.05,83500.0,83789.48,2026-01-14 12:03:00+05:30,340.0,83500.0,83792.46,Stop Loss,-16.94999999999999
2026-01-14,CALL,2026-01-14 12:04:00+05:30,333.15,83500.0,83790.62,2026-01-14 15:29:00+05:30,0.05,83500.0,83366.82,EOD,333.09999999999997
2026-01-14,PUT,2026-01-14 13:55:00+05:30,214.85,83500.0,83322.43,2026-01-14 13:56:00+05:30,226.2,83500.0,83309.67,Stop Loss,-11.349999999999994
2026-01-14,PUT,2026-01-14 13:58:00+05:30,213.75,83500.0,83310.23,2026-01-14 13:59:00+05:30,218.15,83500.0,83272.16,Stop Loss,-4.400000000000006
2026-01-14,PUT,2026-01-14 14:00:00+05:30,187.95,83500.0,83377.39,2026-01-14 14:01:00+05:30,197.9,83500.0,83345.81,Stop Loss,-9.950000000000017
2026-01-14,PUT,2026-01-14 14:02:00+05:30,168.45,83500.0,83362.74,2026-01-14 14:03:00+05:30,188.9,83500.0,83339.7,Stop Loss,-20.450000000000017
2026-01-14,PUT,2026-01-14 14:05:00+05:30,197.1,83500.0,83303.76,2026-01-14 14:21:00+05:30,200.0,83500.0,83294.55,Stop Loss,-2.9000000000000057
2026-01-14,PUT,2026-01-14 14:22:00+05:30,191.05,83500.0,83305.87,2026-01-14 14:23:00+05:30,240.85,83500.0,83262.1,Stop Loss,-49.79999999999998
2026-01-14,PUT,2026-01-14 14:25:00+05:30,246.9,83500.0,83249.3,2026-01-14 14:26:00+05:30,250.3,83500.0,83245.66,Stop Loss,-3.4000000000000057
2026-01-14,PUT,2026-01-14 14:27:00+05:30,239.85,83500.0,83279.06,2026-01-14 14:28:00+05:30,245.15,83500.0,83247.55,Stop Loss,-5.300000000000011
2026-01-14,PUT,2026-01-14 14:29:00+05:30,234.1,83500.0,83242.65,2026-01-14 14:32:00+05:30,252.45,83500.0,83240.36,Stop Loss,-18.349999999999994
2026-01-14,PUT,2026-01-14 14:33:00+05:30,219.8,83500.0,83295.33,2026-01-14 15:29:00+05:30,116.85,83500.0,83366.82,EOD,102.95000000000002
2026-01-16,PUT,2026-01-16 09:15:00+05:30,383.65,83600.0,83611.83,2026-01-16 09:16:00+05:30,411.8,83600.0,83541.86,Stop Loss,-28.150000000000034
2026-01-16,CALL,2026-01-16 09:16:00+05:30,535.0,83600.0,83541.86,2026-01-16 09:18:00+05:30,555.15,83600.0,83611.31,Stop Loss,-20.149999999999977
2026-01-16,PUT,2026-01-16 09:17:00+05:30,408.45,83600.0,83553.18,2026-01-16 13:25:00+05:30,450.7,83600.0,83481.7,Stop Loss,-42.25
2026-01-16,CALL,2026-01-16 09:20:00+05:30,562.45,83600.0,83648.35,2026-01-16 09:21:00+05:30,562.6,83600.0,83658.83,Stop Loss,-0.14999999999997726
2026-01-16,CALL,2026-01-16 09:22:00+05:30,527.45,83600.0,83591.53,2026-01-16 09:23:00+05:30,533.5,83600.0,83601.61,Stop Loss,-6.0499999999999545
2026-01-16,CALL,2026-01-16 09:24:00+05:30,539.55,83600.0,83616.6,2026-01-16 09:26:00+05:30,553.2,83600.0,83642.55,Stop Loss,-13.650000000000091
2026-01-16,CALL,2026-01-16 09:27:00+05:30,540.2,83600.0,83613.86,2026-01-16 09:28:00+05:30,557.15,83600.0,83661.97,Stop Loss,-16.949999999999932
2026-01-16,CALL,2026-01-16 09:29:00+05:30,552.0,83600.0,83670.41,2026-01-16 09:44:00+05:30,563.65,83600.0,83679.55,Stop Loss,-11.649999999999977
2026-01-16,CALL,2026-01-16 09:45:00+05:30,544.6,83600.0,83655.06,2026-01-16 09:46:00+05:30,567.9,83600.0,83673.95,Stop Loss,-23.299999999999955
2026-01-16,CALL,2026-01-16 09:50:00+05:30,581.15,83600.0,83734.46,2026-01-16 09:52:00+05:30,591.1,83600.0,83728.58,Stop Loss,-9.950000000000045
2026-01-16,CALL,2026-01-16 09:55:00+05:30,608.6,83600.0,83748.92,2026-01-16 09:56:00+05:30,611.95,83600.0,83751.72,Stop Loss,-3.3500000000000227
2026-01-16,CALL,2026-01-16 09:57:00+05:30,605.0,83600.0,83733.86,2026-01-16 10:02:00+05:30,614.4,83600.0,83743.76,Stop Loss,-9.399999999999977
2026-01-16,CALL,2026-01-16 10:05:00+05:30,613.9,83600.0,83749.56,2026-01-16 10:06:00+05:30,625.35,83600.0,83782.85,Stop Loss,-11.450000000000045
2026-01-16,CALL,2026-01-16 10:07:00+05:30,618.2,83600.0,83764.02,2026-01-16 10:08:00+05:30,634.45,83600.0,83797.5,Stop Loss,-16.25
2026-01-16,CALL,2026-01-16 10:14:00+05:30,688.7,83600.0,83859.81,2026-01-16 10:15:00+05:30,771.2,83600.0,83926.35,Stop Loss,-82.5
2026-01-16,CALL,2026-01-16 10:19:00+05:30,839.15,83600.0,84018.03,2026-01-16 10:20:00+05:30,855.7,83600.0,84019.01,Stop Loss,-16.550000000000068
2026-01-16,CALL,2026-01-16 10:22:00+05:30,862.55,83600.0,84049.28,2026-01-16 10:24:00+05:30,863.95,83600.0,84041.33,Stop Loss,-1.400000000000091
2026-01-16,CALL,2026-01-16 10:29:00+05:30,872.7,83600.0,84073.37,2026-01-16 10:35:00+05:30,883.1,83600.0,84090.89,Stop Loss,-10.399999999999977
2026-01-16,CALL,2026-01-16 10:37:00+05:30,877.2,83600.0,84093.38,2026-01-16 10:38:00+05:30,877.65,83600.0,84093.99,Stop Loss,-0.4499999999999318
2026-01-16,CALL,2026-01-16 10:41:00+05:30,874.8,83600.0,84091.8,2026-01-16 15:29:00+05:30,482.95,83600.0,83595.6,EOD,391.84999999999997
2026-01-16,PUT,2026-01-16 13:26:00+05:30,443.3,83600.0,83479.71,2026-01-16 15:29:00+05:30,361.8,83600.0,83595.6,EOD,81.5
2026-01-19,CALL,2026-01-19 09:15:00+05:30,425.8,83100.0,83072.13,2026-01-19 09:16:00+05:30,481.6,83100.0,83205.88,Stop Loss,-55.80000000000001
2026-01-19,PUT,2026-01-19 09:16:00+05:30,323.5,83100.0,83205.88,2026-01-19 09:21:00+05:30,330.55,83100.0,83237.57,Stop Loss,-7.050000000000011
2026-01-19,CALL,2026-01-19 09:20:00+05:30,503.85,83100.0,83258.57,2026-01-19 09:34:00+05:30,506.7,83100.0,83245.02,Stop Loss,-2.849999999999966
2026-01-19,PUT,2026-01-19 09:22:00+05:30,323.6,83100.0,83237.3,2026-01-19 09:24:00+05:30,327.8,83100.0,83210.07,Stop Loss,-4.199999999999989
2026-01-19,PUT,2026-01-19 09:27:00+05:30,333.95,83100.0,83185.42,2026-01-19 09:28:00+05:30,334.05,83100.0,83172.45,Stop Loss,-0.10000000000002274
2026-01-19,PUT,2026-01-19 09:32:00+05:30,337.5,83100.0,83169.83,2026-01-19 09:38:00+05:30,349.6,83100.0,83117.03,Stop Loss,-12.100000000000023
2026-01-19,CALL,2026-01-19 09:35:00+05:30,485.45,83100.0,83222.93,2026-01-19 13:51:00+05:30,497.45,83100.0,83264.21,Stop Loss,-12.0
2026-01-19,PUT,2026-01-19 09:39:00+05:30,348.5,83100.0,83129.65,2026-01-19 09:54:00+05:30,366.8,83100.0,83086.12,Stop Loss,-18.30000000000001
2026-01-19,PUT,2026-01-19 09:55:00+05:30,346.05,83100.0,83109.62,2026-01-19 09:56:00+05:30,357.55,83100.0,83104.93,Stop Loss,-11.5
2026-01-19,PUT,2026-01-19 10:02:00+05:30,416.95,83100.0,82983.5,2026-01-19 10:03:00+05:30,418.95,83100.0,82961.69,Stop Loss,-2.0
2026-01-19,PUT,2026-01-19 10:04:00+05:30,416.05,83100.0,82966.11,2026-01-19 10:05:00+05:30,420.35,83100.0,82957.2,Stop Loss,-4.300000000000011
2026-01-19,PUT,2026-01-19 10:06:00+05:30,412.55,83100.0,82970.98,2026-01-19 10:07:00+05:30,427.0,83100.0,82956.15,Stop Loss,-14.449999999999989
2026-01-19,PUT,2026-01-19 10:08:00+05:30,396.2,83100.0,83006.66,2026-01-19 10:11:00+05:30,399.9,83100.0,82997.61,Stop Loss,-3.6999999999999886
2026-01-19,PUT,2026-01-19 10:12:00+05:30,398.2,83100.0,83025.41,2026-01-19 10:13:00+05:30,399.05,83100.0,83012.68,Stop Loss,-0.8500000000000227
2026-01-19,PUT,2026-01-19 10:14:00+05:30,399.6,83100.0,83011.8,2026-01-19 10:16:00+05:30,404.0,83100.0,83008.65,Stop Loss,-4.399999999999977
2026-01-19,PUT,2026-01-19 10:17:00+05:30,391.8,83100.0,83016.56,2026-01-19 10:22:00+05:30,397.2,83100.0,83008.87,Stop Loss,-5.399999999999977
2026-01-19,PUT,2026-01-19 10:23:00+05:30,389.6,83100.0,83026.4,2026-01-19 10:25:00+05:30,401.0,83100.0,83021.91,Stop Loss,-11.399999999999977
2026-01-19,PUT,2026-01-19 10:26:00+05:30,409.45,83100.0,82998.69,2026-01-19 10:27:00+05:30,415.0,83100.0,82982.4,Stop Loss,-5.550000000000011
2026-01-19,PUT,2026-01-19 10:29:00+05:30,436.05,83100.0,82949.17,2026-01-19 10:39:00+05:30,439.45,83100.0,82933.5,Stop Loss,-3.3999999999999773
2026-01-19,PUT,2026-01-19 10:41:00+05:30,428.4,83100.0,82931.01,2026-01-19 15:29:00+05:30,300.8,83100.0,83140.15,EOD,127.59999999999997
2026-01-19,CALL,2026-01-19 13:53:00+05:30,506.05,83100.0,83278.11,2026-01-19 13:54:00+05:30,508.5,83100.0,83270.27,Stop Loss,-2.4499999999999886
2026-01-19,CALL,2026-01-19 13:58:00+05:30,502.55,83100.0,83302.69,2026-01-19 13:59:00+05:30,510.6,83100.0,83283.99,Stop Loss,-8.050000000000011
2026-01-19,CALL,2026-01-19 14:03:00+05:30,543.0,83100.0,83336.32,2026-01-19 14:04:00+05:30,572.5,83100.0,83344.17,Stop Loss,-29.5
2026-01-19,CALL,2026-01-19 14:06:00+05:30,569.1,83100.0,83362.25,2026-01-19 14:07:00+05:30,592.7,83100.0,83395.68,Stop Loss,-23.600000000000023
2026-01-19,CALL,2026-01-19 14:08:00+05:30,585.1,83100.0,83385.92,2026-01-19 15:29:00+05:30,410.5,83100.0,83140.15,EOD,174.60000000000002
2026-01-20,CALL,2026-01-20 09:15:00+05:30,344.85,83200.0,83174.81,2026-01-20 09:16:00+05:30,365.45,83200.0,83217.13,Stop Loss,-20.599999999999966
2026-01-20,PUT,2026-01-20 09:15:00+05:30,341.5,83200.0,83174.81,2026-01-20 09:20:00+05:30,342.8,83200.0,83139.35,Stop Loss,-1.3000000000000114
2026-01-20,CALL,2026-01-20 09:18:00+05:30,349.55,83200.0,83192.52,2026-01-20 09:19:00+05:30,350.05,83200.0,83166.54,Stop Loss,-0.5
2026-01-20,CALL,2026-01-20 09:20:00+05:30,336.7,83200.0,83139.35,2026-01-20 15:29:00+05:30,55.9,83200.0,82153.74,EOD,280.8
2026-01-20,PUT,2026-01-20 09:26:00+05:30,418.9,83200.0,83030.25,2026-01-20 09:27:00+05:30,458.4,83200.0,82936.56,Stop Loss,-39.5
2026-01-20,PUT,2026-01-20 09:28:00+05:30,451.1,83200.0,82968.18,2026-01-20 09:29:00+05:30,453.75,83200.0,82949.11,Stop Loss,-2.6499999999999773
2026-01-20,PUT,2026-01-20 09:30:00+05:30,453.0,83200.0,82959.52,2026-01-20 09:31:00+05:30,457.45,83200.0,82965.99,Stop Loss,-4.449999999999989
2026-01-20,PUT,2026-01-20 09:32:00+05:30,438.95,83200.0,82978.0,2026-01-20 09:34:00+05:30,446.1,83200.0,82986.21,Stop Loss,-7.150000000000034
2026-01-20,PUT,2026-01-20 09:38:00+05:30,488.1,83200.0,82889.49,2026-01-20 09:39:00+05:30,499.5,83200.0,82883.13,Stop Loss,-11.399999999999977
2026-01-20,PUT,2026-01-20 09:40:00+05:30,495.2,83200.0,82905.64,2026-01-20 09:42:00+05:30,506.6,83200.0,82870.54,Stop Loss,-11.400000000000034
2026-01-20,PUT,2026-01-20 09:43:00+05:30,480.2,83200.0,82944.46,2026-01-20 09:44:00+05:30,484.7,83200.0,82925.53,Stop Loss,-4.5
2026-01-20,PUT,2026-01-20 09:46:00+05:30,485.95,83200.0,82927.84,2026-01-20 09:47:00+05:30,504.95,83200.0,82895.81,Stop Loss,-19.0
2026-01-20,PUT,2026-01-20 09:48:00+05:30,499.05,83200.0,82893.74,2026-01-20 09:52:00+05:30,499.3,83200.0,82895.27,Stop Loss,-0.25
2026-01-20,PUT,2026-01-20 09:55:00+05:30,505.7,83200.0,82868.03,2026-01-20 09:56:00+05:30,524.1,83200.0,82864.75,Stop Loss,-18.400000000000034
2026-01-20,PUT,2026-01-20 09:58:00+05:30,505.25,83200.0,82893.61,2026-01-20 09:59:00+05:30,507.4,83200.0,82877.09,Stop Loss,-2.1499999999999773
2026-01-20,PUT,2026-01-20 10:00:00+05:30,505.55,83200.0,82913.28,2026-01-20 10:01:00+05:30,512.4,83200.0,82873.73,Stop Loss,-6.849999999999966
2026-01-20,PUT,2026-01-20 10:02:00+05:30,504.6,83200.0,82892.38,2026-01-20 10:03:00+05:30,508.3,83200.0,82876.89,Stop Loss,-3.6999999999999886
2026-01-20,PUT,2026-01-20 10:04:00+05:30,488.55,83200.0,82908.66,2026-01-20 10:05:00+05:30,494.85,83200.0,82903.5,Stop Loss,-6.300000000000011
2026-01-20,PUT,2026-01-20 10:06:00+05:30,472.3,83200.0,82943.11,2026-01-20 10:12:00+05:30,476.7,83200.0,82927.66,Stop Loss,-4.399999999999977
2026-01-20,PUT,2026-01-20 10:13:00+05:30,476.65,83200.0,82925.89,2026-01-20 10:14:00+05:30,484.95,83200.0,82929.68,Stop Loss,-8.300000000000011
2026-01-20,PUT,2026-01-20 10:15:00+05:30,487.15,83200.0,82924.84,2026-01-20 10:16:00+05:30,497.75,83200.0,82886.62,Stop Loss,-10.600000000000023
2026-01-20,PUT,2026-01-20 10:17:00+05:30,472.0,83200.0,82918.3,2026-01-20 10:55:00+05:30,483.25,83200.0,82915.44,Stop Loss,-11.25
2026-01-20,PUT,2026-01-20 10:56:00+05:30,489.25,83200.0,82885.72,2026-01-20 10:57:00+05:30,496.45,83200.0,82885.31,Stop Loss,-7.199999999999989
2026-01-20,PUT,2026-01-20 10:58:00+05:30,483.5,83200.0,82895.65,2026-01-20 10:59:00+05:30,487.65,83200.0,82893.02,Stop Loss,-4.149999999999977
2026-01-20,PUT,2026-01-20 11:00:00+05:30,500.2,83200.0,82885.76,2026-01-20 11:01:00+05:30,512.65,83200.0,82866.36,Stop Loss,-12.449999999999989
2026-01-20,PUT,2026-01-20 11:02:00+05:30,500.4,83200.0,82882.5,2026-01-20 11:03:00+05:30,504.6,83200.0,82879.63,Stop Loss,-4.2000000000000455
2026-01-20,PUT,2026-01-20 11:04:00+05:30,503.0,83200.0,82886.84,2026-01-20 11:05:00+05:30,506.45,83200.0,82869.79,Stop Loss,-3.4499999999999886
2026-01-20,PUT,2026-01-20 11:07:00+05:30,501.6,83200.0,82873.15,2026-01-20 11:08:00+05:30,502.4,83200.0,82868.31,Stop Loss,-0.7999999999999545
2026-01-20,PUT,2026-01-20 11:10:00+05:30,500.7,83200.0,82871.0,2026-01-20 11:11:00+05:30,505.3,83200.0,82868.83,Stop Loss,-4.600000000000023
2026-01-20,PUT,2026-01-20 11:12:00+05:30,502.75,83200.0,82872.26,2026-01-20 11:13:00+05:30,503.3,83200.0,82857.62,Stop Loss,-0.5500000000000114
2026-01-20,PUT,2026-01-20 11:14:00+05:30,501.7,83200.0,82864.13,2026-01-20 11:15:00+05:30,507.35,83200.0,82855.09,Stop Loss,-5.650000000000034
2026-01-20,PUT,2026-01-20 11:16:00+05:30,468.5,83200.0,82902.3,2026-01-20 11:17:00+05:30,477.5,83200.0,82905.37,Stop Loss,-9.0
2026-01-20,PUT,2026-01-20 11:18:00+05:30,476.45,83200.0,82886.93,2026-01-20 11:19:00+05:30,499.55,83200.0,82876.1,Stop Loss,-23.100000000000023
2026-01-20,PUT,2026-01-20 11:20:00+05:30,491.9,83200.0,82876.49,2026-01-20 12:08:00+05:30,499.95,83200.0,82881.03,Stop Loss,-8.050000000000011
2026-01-20,PUT,2026-01-20 12:11:00+05:30,510.7,83200.0,82829.25,2026-01-20 12:22:00+05:30,514.65,83200.0,82818.19,Stop Loss,-3.9499999999999886
2026-01-20,PUT,2026-01-20 12:23:00+05:30,515.6,83200.0,82813.85,2026-01-20 12:41:00+05:30,544.6,83200.0,82779.83,Stop Loss,-29.0
2026-01-20,PUT,2026-01-20 12:42:00+05:30,515.0,83200.0,82778.5,2026-01-20 12:43:00+05:30,522.4,83200.0,82788.36,Stop Loss,-7.399999999999977
2026-01-20,PUT,2026-01-20 12:45:00+05:30,533.55,83200.0,82770.82,2026-01-20 12:46:00+05:30,534.0,83200.0,82775.45,Stop Loss,-0.4500000000000455
2026-01-20,PUT,2026-01-20 12:47:00+05:30,518.0,83200.0,82786.3,2026-01-20 12:48:00+05:30,520.0,83200.0,82787.69,Stop Loss,-2.0
2026-01-20,PUT,2026-01-20 12:49:00+05:30,521.2,83200.0,82799.54,2026-01-20 12:53:00+05:30,529.0,83200.0,82783.01,Stop Loss,-7.7999999999999545
2026-01-20,PUT,2026-01-20 12:54:00+05:30,516.25,83200.0,82803.69,2026-01-20 12:55:00+05:30,519.15,83200.0,82791.45,Stop Loss,-2.8999999999999773
2026-01-20,PUT,2026-01-20 12:56:00+05:30,517.35,83200.0,82782.36,2026-01-20 13:01:00+05:30,519.2,83200.0,82786.48,Stop Loss,-1.8500000000000227
2026-01-20,PUT,2026-01-20 13:02:00+05:30,519.4,83200.0,82788.28,2026-01-20 13:04:00+05:30,519.8,83200.0,82788.12,Stop Loss,-0.39999999999997726
2026-01-20,PUT,2026-01-20 13:05:00+05:30,520.95,83200.0,82788.15,2026-01-20 13:06:00+05:30,528.8,83200.0,82774.89,Stop Loss,-7.849999999999909
2026-01-20,PUT,2026-01-20 13:07:00+05:30,527.85,83200.0,82769.85,2026-01-20 13:16:00+05:30,536.0,83200.0,82755.05,Stop Loss,-8.149999999999977
2026-01-20,PUT,2026-01-20 13:17:00+05:30,523.2,83200.0,82778.64,2026-01-20 13:18:00+05:30,525.05,83200.0,82764.31,Stop Loss,-1.849999999999909
2026-01-20,PUT,2026-01-20 13:19:00+05:30,516.95,83200.0,82783.27,2026-01-20 13:28:00+05:30,520.05,83200.0,82773.15,Stop Loss,-3.099999999999909
2026-01-20,PUT,2026-01-20 13:29:00+05:30,514.3,83200.0,82772.34,2026-01-20 13:30:00+05:30,514.8,83200.0,82764.58,Stop Loss,-0.5
2026-01-20,PUT,2026-01-20 13:31:00+05:30,514.9,83200.0,82771.39,2026-01-20 13:32:00+05:30,520.0,83200.0,82780.53,Stop Loss,-5.100000000000023
2026-01-20,PUT,2026-01-20 13:37:00+05:30,600.7,83200.0,82666.37,2026-01-20 13:39:00+05:30,605.8,83200.0,82643.44,Stop Loss,-5.099999999999909
2026-01-20,PUT,2026-01-20 13:41:00+05:30,624.2,83200.0,82623.47,2026-01-20 13:46:00+05:30,629.2,83200.0,82638.87,Stop Loss,-5.0
2026-01-20,PUT,2026-01-20 13:48:00+05:30,624.65,83200.0,82636.01,2026-01-20 13:49:00+05:30,635.25,83200.0,82615.05,Stop Loss,-10.600000000000023
2026-01-20,PUT,2026-01-20 13:50:00+05:30,635.7,83200.0,82618.53,2026-01-20 13:54:00+05:30,635.8,83200.0,82626.51,Stop Loss,-0.09999999999990905
2026-01-20,PUT,2026-01-20 13:55:00+05:30,635.0,83200.0,82635.68,2026-01-20 14:03:00+05:30,674.3,83200.0,82596.25,Stop Loss,-39.299999999999955
2026-01-20,PUT,2026-01-20 14:04:00+05:30,627.85,83200.0,82658.9,2026-01-20 14:05:00+05:30,646.0,83200.0,82594.21,Stop Loss,-18.149999999999977
2026-01-20,PUT,2026-01-20 14:08:00+05:30,653.7,83200.0,82583.97,2026-01-20 14:09:00+05:30,661.7,83200.0,82582.79,Stop Loss,-8.0
2026-01-20,PUT,2026-01-20 14:11:00+05:30,653.1,83200.0,82598.24,2026-01-20 14:12:00+05:30,660.7,83200.0,82595.54,Stop Loss,-7.600000000000023
2026-01-20,PUT,2026-01-20 14:13:00+05:30,657.85,83200.0,82607.46,2026-01-20 14:19:00+05:30,663.0,83200.0,82605.43,Stop Loss,-5.149999999999977
2026-01-20,PUT,2026-01-20 14:21:00+05:30,658.75,83200.0,82592.48,2026-01-20 14:38:00+05:30,659.4,83200.0,82597.03,Stop Loss,-0.6499999999999773
2026-01-20,PUT,2026-01-20 14:39:00+05:30,656.0,83200.0,82592.56,2026-01-20 14:40:00+05:30,672.6,83200.0,82572.68,Stop Loss,-16.600000000000023
2026-01-20,PUT,2026-01-20 14:44:00+05:30,718.05,83200.0,82520.75,2026-01-20 14:49:00+05:30,721.3,83200.0,82522.75,Stop Loss,-3.25
2026-01-20,PUT,2026-01-20 14:50:00+05:30,724.0,83200.0,82530.72,2026-01-20 14:51:00+05:30,775.5,83200.0,82489.07,Stop Loss,-51.5
2026-01-20,PUT,2026-01-20 14:53:00+05:30,764.55,83200.0,82486.63,2026-01-20 14:58:00+05:30,777.6,83200.0,82472.61,Stop Loss,-13.050000000000068
2026-01-20,PUT,2026-01-20 15:03:00+05:30,911.35,83200.0,82335.54,2026-01-20 15:08:00+05:30,915.3,83200.0,82357.7,Stop Loss,-3.949999999999932
2026-01-20,PUT,2026-01-20 15:12:00+05:30,1085.4,83200.0,82184.34,2026-01-20 15:14:00+05:30,1097.85,83200.0,82160.99,Stop Loss,-12.449999999999818
2026-01-20,PUT,2026-01-20 15:15:00+05:30,980.4,83200.0,82231.37,2026-01-20 15:16:00+05:30,1030.1,83200.0,82174.66,Stop Loss,-49.69999999999993
2026-01-20,PUT,2026-01-20 15:17:00+05:30,1051.45,83200.0,82156.41,2026-01-20 15:29:00+05:30,1031.75,83200.0,82153.74,EOD,19.700000000000045
2026-01-21,CALL,2026-01-21 09:15:00+05:30,388.85,81900.0,81932.19,2026-01-21 09:16:00+05:30,562.05,81900.0,82234.7,Stop Loss,-173.19999999999993
2026-01-21,PUT,2026-01-21 09:16:00+05:30,174.9,81900.0,82234.7,2026-01-21 09:17:00+05:30,190.9,81900.0,82138.71,Stop Loss,-16.0
2026-01-21,CALL,2026-01-21 09:17:00+05:30,526.35,81900.0,82138.71,2026-01-21 09:18:00+05:30,598.2,81900.0,82229.48,Stop Loss,-71.85000000000002
2026-01-21,PUT,2026-01-21 09:18:00+05:30,169.05,81900.0,82229.48,2026-01-21 09:19:00+05:30,185.2,81900.0,82176.66,Stop Loss,-16.149999999999977
2026-01-21,CALL,2026-01-21 09:19:00+05:30,530.75,81900.0,82176.66,2026-01-21 09:25:00+05:30,534.85,81900.0,82150.96,Stop Loss,-4.100000000000023
2026-01-21,PUT,2026-01-21 09:23:00+05:30,207.6,81900.0,82041.44,2026-01-21 09:27:00+05:30,210.6,81900.0,82023.46,Stop Loss,-3.0
2026-01-21,CALL,2026-01-21 09:26:00+05:30,520.2,81900.0,82123.78,2026-01-21 12:39:00+05:30,532.5,81900.0,82157.03,Stop Loss,-12.299999999999955
2026-01-21,PUT,2026-01-21 09:28:00+05:30,188.15,81900.0,82063.19,2026-01-21 09:29:00+05:30,213.8,81900.0,82006.86,Stop Loss,-25.650000000000006
2026-01-21,PUT,2026-01-21 09:30:00+05:30,180.5,81900.0,82093.63,2026-01-21 09:31:00+05:30,184.45,81900.0,82073.95,Stop Loss,-3.9499999999999886
2026-01-21,PUT,2026-01-21 09:32:00+05:30,186.9,81900.0,82143.44,2026-01-21 09:36:00+05:30,196.5,81900.0,82069.57,Stop Loss,-9.599999999999994
2026-01-21,PUT,2026-01-21 09:37:00+05:30,206.2,81900.0,82024.15,2026-01-21 09:39:00+05:30,215.3,81900.0,81992.85,Stop Loss,-9.100000000000023
2026-01-21,PUT,2026-01-21 09:40:00+05:30,207.75,81900.0,82015.37,2026-01-21 09:41:00+05:30,213.25,81900.0,82006.99,Stop Loss,-5.5
2026-01-21,PUT,2026-01-21 09:42:00+05:30,202.65,81900.0,82056.35,2026-01-21 09:44:00+05:30,204.1,81900.0,82042.01,Stop Loss,-1.4499999999999886
2026-01-21,PUT,2026-01-21 09:45:00+05:30,205.4,81900.0,82030.59,2026-01-21 09:46:00+05:30,230.5,81900.0,81970.3,Stop Loss,-25.099999999999994
2026-01-21,PUT,2026-01-21 09:47:00+05:30,225.1,81900.0,81966.4,2026-01-21 09:55:00+05:30,230.8,81900.0,81977.57,Stop Loss,-5.700000000000017
2026-01-21,PUT,2026-01-21 09:56:00+05:30,214.15,81900.0,82016.18,2026-01-21 09:57:00+05:30,230.75,81900.0,81967.28,Stop Loss,-16.599999999999994
2026-01-21,PUT,2026-01-21 10:03:00+05:30,271.3,81900.0,81905.38,2026-01-21 10:10:00+05:30,282.1,81900.0,81841.0,Stop Loss,-10.800000000000011
2026-01-21,PUT,2026-01-21 10:11:00+05:30,278.4,81900.0,81857.2,2026-01-21 10:21:00+05:30,289.7,81900.0,81806.39,Stop Loss,-11.300000000000011
2026-01-21,PUT,2026-01-21 10:27:00+05:30,354.55,81900.0,81753.58,2026-01-21 10:28:00+05:30,360.7,81900.0,81711.88,Stop Loss,-6.149999999999977
2026-01-21,PUT,2026-01-21 10:32:00+05:30,365.35,81900.0,81696.81,2026-01-21 10:33:00+05:30,380.1,81900.0,81675.1,Stop Loss,-14.75
2026-01-21,PUT,2026-01-21 10:34:00+05:30,363.65,81900.0,81689.65,2026-01-21 10:35:00+05:30,366.55,81900.0,81690.91,Stop Loss,-2.900000000000034
2026-01-21,PUT,2026-01-21 10:38:00+05:30,381.45,81900.0,81671.81,2026-01-21 10:39:00+05:30,390.6,81900.0,81670.6,Stop Loss,-9.150000000000034
2026-01-21,PUT,2026-01-21 10:43:00+05:30,494.15,81900.0,81533.02,2026-01-21 10:44:00+05:30,524.7,81900.0,81505.77,Stop Loss,-30.550000000000068
2026-01-21,PUT,2026-01-21 10:46:00+05:30,543.75,81900.0,81463.3,2026-01-21 10:47:00+05:30,545.5,81900.0,81467.7,Stop Loss,-1.75
2026-01-21,PUT,2026-01-21 10:49:00+05:30,558.75,81900.0,81437.65,2026-01-21 10:50:00+05:30,568.8,81900.0,81433.92,Stop Loss,-10.049999999999955
2026-01-21,PUT,2026-01-21 10:51:00+05:30,569.35,81900.0,81425.84,2026-01-21 10:53:00+05:30,585.55,81900.0,81399.52,Stop Loss,-16.199999999999932
2026-01-21,PUT,2026-01-21 10:57:00+05:30,745.25,81900.0,81278.14,2026-01-21 15:29:00+05:30,238.45,81900.0,81919.06,EOD,506.8
2026-01-21,CALL,2026-01-21 12:42:00+05:30,526.05,81900.0,82152.28,2026-01-21 12:43:00+05:30,561.8,81900.0,82170.63,Stop Loss,-35.75
2026-01-21,CALL,2026-01-21 12:44:00+05:30,545.0,81900.0,82153.47,2026-01-21 12:45:00+05:30,614.65,81900.0,82255.35,Stop Loss,-69.64999999999998
2026-01-21,CALL,2026-01-21 12:47:00+05:30,609.65,81900.0,82252.08,2026-01-21 12:48:00+05:30,637.6,81900.0,82273.13,Stop Loss,-27.950000000000045
2026-01-21,CALL,2026-01-21 12:50:00+05:30,637.05,81900.0,82284.25,2026-01-21 12:51:00+05:30,683.95,81900.0,82325.07,Stop Loss,-46.90000000000009
2026-01-21,CALL,2026-01-21 12:54:00+05:30,699.4,81900.0,82339.72,2026-01-21 13:01:00+05:30,702.5,81900.0,82372.46,Stop Loss,-3.1000000000000227
2026-01-21,CALL,2026-01-21 13:03:00+05:30,687.5,81900.0,82391.23,2026-01-21 15:29:00+05:30,327.65,81900.0,81919.06,EOD,359.85
2026-01-22,PUT,2026-01-22 09:15:00+05:30,240.7,82500.0,82488.15,2026-01-22 09:16:00+05:30,261.6,82500.0,82431.15,Stop Loss,-20.900000000000034
2026-01-22,CALL,2026-01-22 09:16:00+05:30,189.0,82500.0,82431.15,2026-01-22 09:17:00+05:30,189.15,82500.0,82423.72,Stop Loss,-0.15000000000000568
2026-01-22,PUT,2026-01-22 09:17:00+05:30,237.9,82500.0,82423.72,2026-01-22 09:18:00+05:30,279.2,82500.0,82407.78,Stop Loss,-41.29999999999998
2026-01-22,PUT,2026-01-22 09:19:00+05:30,255.3,82500.0,82412.96,2026-01-22 10:20:00+05:30,256.7,82500.0,82389.97,Stop Loss,-1.3999999999999773
2026-01-22,CALL,2026-01-22 09:22:00+05:30,208.15,82500.0,82509.29,2026-01-22 09:23:00+05:30,214.15,82500.0,82498.14,Stop Loss,-6.0
2026-01-22,CALL,2026-01-22 09:24:00+05:30,214.2,82500.0,82480.32,2026-01-22 09:26:00+05:30,243.45,82500.0,82526.96,Stop Loss,-29.25
2026-01-22,CALL,2026-01-22 09:28:00+05:30,306.0,82500.0,82636.43,2026-01-22 09:30:00+05:30,338.7,82500.0,82682.55,Stop Loss,-32.69999999999999
2026-01-22,CALL,2026-01-22 09:38:00+05:30,355.2,82500.0,82700.83,2026-01-22 09:39:00+05:30,361.65,82500.0,82673.23,Stop Loss,-6.449999999999989
2026-01-22,CALL,2026-01-22 09:41:00+05:30,367.3,82500.0,82695.31,2026-01-22 09:47:00+05:30,402.55,82500.0,82733.0,Stop Loss,-35.25
2026-01-22,CALL,2026-01-22 09:49:00+05:30,397.15,82500.0,82741.39,2026-01-22 09:50:00+05:30,419.95,82500.0,82750.55,Stop Loss,-22.80000000000001
2026-01-22,CALL,2026-01-22 09:51:00+05:30,404.85,82500.0,82750.31,2026-01-22 15:29:00+05:30,0.05,82500.0,82369.5,EOD,404.8
2026-01-22,PUT,2026-01-22 10:21:00+05:30,240.5,82500.0,82414.81,2026-01-22 10:27:00+05:30,278.25,82500.0,82363.82,Stop Loss,-37.75
2026-01-22,PUT,2026-01-22 10:32:00+05:30,395.45,82500.0,82185.65,2026-01-22 10:58:00+05:30,428.65,82500.0,82169.57,Stop Loss,-33.19999999999999
2026-01-22,PUT,2026-01-22 11:00:00+05:30,468.05,82500.0,82096.98,2026-01-22 11:01:00+05:30,491.6,82500.0,82093.32,Stop Loss,-23.55000000000001
2026-01-22,PUT,2026-01-22 11:02:00+05:30,480.15,82500.0,82085.74,2026-01-22 11:04:00+05:30,483.4,82500.0,82101.7,Stop Loss,-3.25
2026-01-22,PUT,2026-01-22 11:08:00+05:30,500.05,82500.0,82059.27,2026-01-22 11:11:00+05:30,511.0,82500.0,82040.59,Stop Loss,-10.949999999999989
2026-01-22,PUT,2026-01-22 11:13:00+05:30,548.75,82500.0,81991.39,2026-01-22 11:46:00+05:30,562.75,82500.0,82000.98,Stop Loss,-14.0
2026-01-22,PUT,2026-01-22 11:48:00+05:30,569.6,82500.0,81958.39,2026-01-22 11:59:00+05:30,570.35,82500.0,81953.55,Stop Loss,-0.75
2026-01-22,PUT,2026-01-22 12:01:00+05:30,544.0,82500.0,81971.03,2026-01-22 12:02:00+05:30,573.2,82500.0,81963.52,Stop Loss,-29.200000000000045
2026-01-22,PUT,2026-01-22 12:03:00+05:30,523.75,82500.0,82001.57,2026-01-22 13:01:00+05:30,556.9,82500.0,81984.35,Stop Loss,-33.14999999999998
2026-01-22,PUT,2026-01-22 13:02:00+05:30,514.05,82500.0,81990.9,2026-01-22 13:07:00+05:30,514.9,82500.0,82025.6,Stop Loss,-0.8500000000000227
2026-01-22,PUT,2026-01-22 13:08:00+05:30,508.5,82500.0,82001.37,2026-01-22 13:09:00+05:30,521.75,82500.0,81987.06,Stop Loss,-13.25
2026-01-22,PUT,2026-01-22 13:10:00+05:30,497.35,82500.0,81997.9,2026-01-22 13:11:00+05:30,530.0,82500.0,82000.67,Stop Loss,-32.64999999999998
2026-01-22,PUT,2026-01-22 13:12:00+05:30,486.85,82500.0,82000.96,2026-01-22 13:13:00+05:30,511.25,82500.0,81999.63,Stop Loss,-24.399999999999977
2026-01-22,PUT,2026-01-22 13:14:00+05:30,562.75,82500.0,81958.11,2026-01-22 13:15:00+05:30,572.4,82500.0,81924.94,Stop Loss,-9.649999999999977
2026-01-22,PUT,2026-01-22 13:16:00+05:30,565.6,82500.0,81937.2,2026-01-22 13:17:00+05:30,626.2,82500.0,81884.78,Stop Loss,-60.60000000000002
2026-01-22,PUT,2026-01-22 13:18:00+05:30,567.65,82500.0,81934.92,2026-01-22 13:29:00+05:30,584.05,82500.0,81921.85,Stop Loss,-16.399999999999977
2026-01-22,PUT,2026-01-22 13:31:00+05:30,541.4,82500.0,81957.96,2026-01-22 14:12:00+05:30,560.85,82500.0,81944.73,Stop Loss,-19.450000000000045
2026-01-22,PUT,2026-01-22 14:14:00+05:30,573.35,82500.0,81941.9,2026-01-22 14:17:00+05:30,579.85,82500.0,81937.17,Stop Loss,-6.5
2026-01-22,PUT,2026-01-22 14:18:00+05:30,551.0,82500.0,81935.26,2026-01-22 15:29:00+05:30,192.05,82500.0,82369.5,EOD,358.95
2026-01-23,CALL,2026-01-23 09:15:00+05:30,635.0,82300.0,82337.77,2026-01-23 09:23:00+05:30,638.15,82300.0,82374.79,Stop Loss,-3.1499999999999773
2026-01-23,PUT,2026-01-23 09:18:00+05:30,488.05,82300.0,82234.42,2026-01-23 09:20:00+05:30,489.95,82300.0,82225.31,Stop Loss,-1.8999999999999773
2026-01-23,PUT,2026-01-23 09:21:00+05:30,474.25,82300.0,82236.71,2026-01-23 09:45:00+05:30,491.1,82300.0,82208.04,Stop Loss,-16.850000000000023
2026-01-23,CALL,2026-01-23 09:26:00+05:30,676.35,82300.0,82414.95,2026-01-23 09:29:00+05:30,690.85,82300.0,82452.12,Stop Loss,-14.5
2026-01-23,CALL,2026-01-23 09:30:00+05:30,658.2,82300.0,82406.68,2026-01-23 09:32:00+05:30,667.65,82300.0,82410.86,Stop Loss,-9.449999999999932
2026-01-23,CALL,2026-01-23 09:33:00+05:30,638.05,82300.0,82378.37,2026-01-23 15:29:00+05:30,291.65,82300.0,81575.99,EOD,346.4
2026-01-23,PUT,2026-01-23 09:46:00+05:30,442.6,82300.0,82273.95,2026-01-23 09:49:00+05:30,445.05,82300.0,82296.85,Stop Loss,-2.4499999999999886
2026-01-23,PUT,2026-01-23 09:50:00+05:30,435.9,82300.0,82300.62,2026-01-23 09:51:00+05:30,445.95,82300.0,82293.55,Stop Loss,-10.050000000000011
2026-01-23,PUT,2026-01-23 09:52:00+05:30,452.65,82300.0,82272.83,2026-01-23 09:54:00+05:30,465.9,82300.0,82235.37,Stop Loss,-13.25
2026-01-23,PUT,2026-01-23 09:55:00+05:30,467.55,82300.0,82245.29,2026-01-23 10:01:00+05:30,474.15,82300.0,82239.68,Stop Loss,-6.599999999999966
2026-01-23,PUT,2026-01-23 10:02:00+05:30,479.55,82300.0,82220.2,2026-01-23 10:03:00+05:30,484.0,82300.0,82195.32,Stop Loss,-4.449999999999989
2026-01-23,PUT,2026-01-23 10:04:00+05:30,444.05,82300.0,82228.12,2026-01-23 10:07:00+05:30,446.6,82300.0,82263.65,Stop Loss,-2.5500000000000114
2026-01-23,PUT,2026-01-23 10:08:00+05:30,450.3,82300.0,82257.4,2026-01-23 10:09:00+05:30,465.85,82300.0,82233.22,Stop Loss,-15.550000000000011
2026-01-23,PUT,2026-01-23 10:10:00+05:30,458.1,82300.0,82242.69,2026-01-23 10:11:00+05:30,461.0,82300.0,82236.58,Stop Loss,-2.8999999999999773
2026-01-23,PUT,2026-01-23 10:12:00+05:30,454.85,82300.0,82243.53,2026-01-23 10:14:00+05:30,463.6,82300.0,82244.8,Stop Loss,-8.75
2026-01-23,PUT,2026-01-23 10:15:00+05:30,460.25,82300.0,82230.81,2026-01-23 10:16:00+05:30,488.3,82300.0,82197.58,Stop Loss,-28.05000000000001
2026-01-23,PUT,2026-01-23 10:17:00+05:30,482.75,82300.0,82187.04,2026-01-23 10:18:00+05:30,514.0,82300.0,82139.43,Stop Loss,-31.25
2026-01-23,PUT,2026-01-23 10:19:00+05:30,503.9,82300.0,82150.07,2026-01-23 10:23:00+05:30,504.1,82300.0,82163.57,Stop Loss,-0.20000000000004547
2026-01-23,PUT,2026-01-23 10:24:00+05:30,489.75,82300.0,82169.37,2026-01-23 10:25:00+05:30,490.55,82300.0,82178.65,Stop Loss,-0.8000000000000114
2026-01-23,PUT,2026-01-23 10:26:00+05:30,490.05,82300.0,82170.79,2026-01-23 11:38:00+05:30,491.3,82300.0,82130.63,Stop Loss,-1.25
2026-01-23,PUT,2026-01-23 11:45:00+05:30,556.3,82300.0,82034.07,2026-01-23 11:46:00+05:30,560.85,82300.0,82024.71,Stop Loss,-4.550000000000068
2026-01-23,PUT,2026-01-23 11:48:00+05:30,562.1,82300.0,82033.54,2026-01-23 11:49:00+05:30,623.05,82300.0,81991.66,Stop Loss,-60.94999999999993
2026-01-23,PUT,2026-01-23 11:50:00+05:30,612.5,82300.0,81969.98,2026-01-23 13:17:00+05:30,631.8,82300.0,81862.03,Stop Loss,-19.299999999999955
2026-01-23,PUT,2026-01-23 13:18:00+05:30,629.35,82300.0,81836.05,2026-01-23 13:19:00+05:30,647.95,82300.0,81838.74,Stop Loss,-18.600000000000023
2026-01-23,PUT,2026-01-23 13:22:00+05:30,664.1,82300.0,81810.43,2026-01-23 13:23:00+05:30,683.7,82300.0,81799.39,Stop Loss,-19.600000000000023
2026-01-23,PUT,2026-01-23 13:24:00+05:30,681.25,82300.0,81781.56,2026-01-23 13:28:00+05:30,685.0,82300.0,81788.26,Stop Loss,-3.75
2026-01-23,PUT,2026-01-23 13:33:00+05:30,829.8,82300.0,81619.0,2026-01-23 13:34:00+05:30,853.15,82300.0,81589.77,Stop Loss,-23.350000000000023
2026-01-23,PUT,2026-01-23 13:35:00+05:30,843.1,82300.0,81582.21,2026-01-23 13:36:00+05:30,866.05,82300.0,81566.92,Stop Loss,-22.949999999999932
2026-01-23,PUT,2026-01-23 13:38:00+05:30,860.0,82300.0,81567.49,2026-01-23 13:39:00+05:30,866.9,82300.0,81567.79,Stop Loss,-6.899999999999977
2026-01-23,PUT,2026-01-23 13:40:00+05:30,830.15,82300.0,81617.04,2026-01-23 13:41:00+05:30,855.0,82300.0,81589.72,Stop Loss,-24.850000000000023
2026-01-23,PUT,2026-01-23 13:43:00+05:30,867.7,82300.0,81556.79,2026-01-23 13:44:00+05:30,923.9,82300.0,81530.62,Stop Loss,-56.19999999999993
2026-01-23,PUT,2026-01-23 13:45:00+05:30,889.75,82300.0,81536.43,2026-01-23 14:21:00+05:30,903.95,82300.0,81503.1,Stop Loss,-14.200000000000045
2026-01-23,PUT,2026-01-23 14:23:00+05:30,884.15,82300.0,81519.58,2026-01-23 14:24:00+05:30,906.4,82300.0,81510.63,Stop Loss,-22.25
2026-01-23,PUT,2026-01-23 14:25:00+05:30,893.85,82300.0,81522.69,2026-01-23 15:08:00+05:30,903.5,82300.0,81552.89,Stop Loss,-9.649999999999977
2026-01-23,PUT,2026-01-23 15:10:00+05:30,916.05,82300.0,81524.43,2026-01-23 15:11:00+05:30,941.75,82300.0,81502.91,Stop Loss,-25.700000000000045
2026-01-23,PUT,2026-01-23 15:12:00+05:30,938.45,82300.0,81499.87,2026-01-23 15:29:00+05:30,870.0,82300.0,81575.99,EOD,68.45000000000005
2026-01-27,CALL,2026-01-27 09:15:00+05:30,638.6,81600.0,81649.53,2026-01-27 09:43:00+05:30,690.8,81600.0,81784.1,Stop Loss,-52.19999999999993
2026-01-27,PUT,2026-01-27 09:15:00+05:30,400.55,81600.0,81649.53,2026-01-27 09:16:00+05:30,531.55,81600.0,81463.72,Stop Loss,-130.99999999999994
2026-01-27,PUT,2026-01-27 09:18:00+05:30,546.35,81600.0,81414.07,2026-01-27 09:19:00+05:30,597.0,81600.0,81351.8,Stop Loss,-50.64999999999998
2026-01-27,PUT,2026-01-27 09:22:00+05:30,684.9,81600.0,81191.76,2026-01-27 09:23:00+05:30,692.7,81600.0,81175.44,Stop Loss,-7.800000000000068
2026-01-27,PUT,2026-01-27 09:26:00+05:30,712.85,81600.0,81131.67,2026-01-27 09:30:00+05:30,732.1,81600.0,81120.12,Stop Loss,-19.25
2026-01-27,PUT,2026-01-27 09:31:00+05:30,701.15,81600.0,81177.18,2026-01-27 15:29:00+05:30,162.6,81600.0,82052.32,EOD,538.55
2026-01-27,CALL,2026-01-27 09:45:00+05:30,692.1,81600.0,81774.41,2026-01-27 09:47:00+05:30,722.8,81600.0,81815.45,Stop Loss,-30.699999999999932
2026-01-27,CALL,2026-01-27 09:48:00+05:30,714.1,81600.0,81815.4,2026-01-27 10:17:00+05:30,715.0,81600.0,81836.06,Stop Loss,-0.8999999999999773
2026-01-27,CALL,2026-01-27 10:20:00+05:30,725.1,81600.0,81853.71,2026-01-27 15:18:00+05:30,735.25,81600.0,81923.07,Stop Loss,-10.149999999999977
2026-01-27,CALL,2026-01-27 15:19:00+05:30,736.0,81600.0,81923.97,2026-01-27 15:24:00+05:30,742.25,81600.0,82015.66,Stop Loss,-6.25
2026-01-27,CALL,2026-01-27 15:26:00+05:30,752.1,81600.0,82077.84,2026-01-27 15:29:00+05:30,749.05,81600.0,82052.32,EOD,3.050000000000068
2026-01-28,PUT,2026-01-28 09:15:00+05:30,355.9,82300.0,82294.61,2026-01-28 09:37:00+05:30,357.3,82300.0,82280.29,Stop Loss,-1.400000000000034
2026-01-28,CALL,2026-01-28 09:17:00+05:30,414.45,82300.0,82294.04,2026-01-28 09:18:00+05:30,431.8,82300.0,82325.79,Stop Loss,-17.350000000000023
2026-01-28,CALL,2026-01-28 09:23:00+05:30,480.35,82300.0,82449.81,2026-01-28 09:24:00+05:30,482.4,82300.0,82444.3,Stop Loss,-2.0499999999999545
2026-01-28,CALL,2026-01-28 09:25:00+05:30,486.8,82300.0,82453.87,2026-01-28 15:29:00+05:30,290.45,82300.0,82339.07,EOD,196.35000000000002
2026-01-28,PUT,2026-01-28 09:39:00+05:30,322.7,82300.0,82299.78,2026-01-28 09:40:00+05:30,323.95,82300.0,82321.75,Stop Loss,-1.25
2026-01-28,PUT,2026-01-28 09:41:00+05:30,317.15,82300.0,82316.58,2026-01-28 09:42:00+05:30,330.75,82300.0,82284.54,Stop Loss,-13.600000000000023
2026-01-28,PUT,2026-01-28 09:43:00+05:30,342.15,82300.0,82261.6,2026-01-28 09:44:00+05:30,345.7,82300.0,82263.25,Stop Loss,-3.5500000000000114
2026-01-28,PUT,2026-01-28 09:45:00+05:30,348.75,82300.0,82254.16,2026-01-28 09:47:00+05:30,351.3,82300.0,82208.99,Stop Loss,-2.5500000000000114
2026-01-28,PUT,2026-01-28 09:48:00+05:30,338.85,82300.0,82236.86,2026-01-28 09:50:00+05:30,341.8,82300.0,82220.59,Stop Loss,-2.9499999999999886
2026-01-28,PUT,2026-01-28 09:51:00+05:30,352.35,82300.0,82213.67,2026-01-28 09:52:00+05:30,354.4,82300.0,82197.76,Stop Loss,-2.0499999999999545
2026-01-28,PUT,2026-01-28 09:53:00+05:30,324.0,82300.0,82263.07,2026-01-28 09:54:00+05:30,346.9,82300.0,82222.29,Stop Loss,-22.899999999999977
2026-01-28,PUT,2026-01-28 09:55:00+05:30,339.7,82300.0,82227.75,2026-01-28 09:56:00+05:30,363.35,82300.0,82172.99,Stop Loss,-23.650000000000034
2026-01-28,PUT,2026-01-28 09:57:00+05:30,355.95,82300.0,82190.55,2026-01-28 10:08:00+05:30,409.85,82300.0,82136.58,Stop Loss,-53.900000000000034
2026-01-28,PUT,2026-01-28 10:09:00+05:30,402.7,82300.0,82124.3,2026-01-28 10:11:00+05:30,411.4,82300.0,82117.81,Stop Loss,-8.699999999999989
2026-01-28,PUT,2026-01-28 10:13:00+05:30,421.8,82300.0,82097.81,2026-01-28 10:18:00+05:30,424.2,82300.0,82097.25,Stop Loss,-2.3999999999999773
2026-01-28,PUT,2026-01-28 10:19:00+05:30,391.95,82300.0,82157.88,2026-01-28 10:29:00+05:30,419.25,82300.0,82130.38,Stop Loss,-27.30000000000001
2026-01-28,PUT,2026-01-28 10:31:00+05:30,418.95,82300.0,82093.77,2026-01-28 10:32:00+05:30,425.8,82300.0,82094.42,Stop Loss,-6.850000000000023
2026-01-28,PUT,2026-01-28 10:33:00+05:30,415.75,82300.0,82099.22,2026-01-28 13:22:00+05:30,443.4,82300.0,81967.99,Stop Loss,-27.649999999999977
2026-01-28,PUT,2026-01-28 13:24:00+05:30,441.8,82300.0,81981.47,2026-01-28 13:25:00+05:30,455.0,82300.0,81968.89,Stop Loss,-13.199999999999989
2026-01-28,PUT,2026-01-28 13:26:00+05:30,440.4,82300.0,82002.39,2026-01-28 13:27:00+05:30,449.1,82300.0,81996.27,Stop Loss,-8.700000000000045
2026-01-28,PUT,2026-01-28 13:28:00+05:30,426.8,82300.0,82009.57,2026-01-28 13:33:00+05:30,434.6,82300.0,81994.94,Stop Loss,-7.800000000000011
2026-01-28,PUT,2026-01-28 13:37:00+05:30,454.2,82300.0,81978.38,2026-01-28 13:42:00+05:30,467.65,82300.0,81947.51,Stop Loss,-13.449999999999989
2026-01-28,PUT,2026-01-28 13:49:00+05:30,545.45,82300.0,81854.63,2026-01-28 13:50:00+05:30,572.9,82300.0,81826.01,Stop Loss,-27.449999999999932
2026-01-28,PUT,2026-01-28 13:51:00+05:30,556.6,82300.0,81873.84,2026-01-28 15:29:00+05:30,202.25,82300.0,82339.07,EOD,354.35
2026-01-29,CALL,2026-01-29 09:15:00+05:30,255.25,82100.0,82091.0,2026-01-29 12:50:00+05:30,281.0,82100.0,82283.08,Stop Loss,-25.75
2026-01-29,PUT,2026-01-29 09:16:00+05:30,212.1,82100.0,82094.74,2026-01-29 09:17:00+05:30,218.8,82100.0,82089.42,Stop Loss,-6.700000000000017
2026-01-29,PUT,2026-01-29 09:19:00+05:30,215.4,82100.0,82106.96,2026-01-29 09:20:00+05:30,236.45,82100.0,82057.15,Stop Loss,-21.049999999999983
2026-01-29,PUT,2026-01-29 09:21:00+05:30,233.0,82100.0,82064.58,2026-01-29 09:22:00+05:30,258.45,82100.0,82019.05,Stop Loss,-25.44999999999999
2026-01-29,PUT,2026-01-29 09:23:00+05:30,206.0,82100.0,82083.01,2026-01-29 09:24:00+05:30,226.75,82100.0,82072.63,Stop Loss,-20.75
2026-01-29,PUT,2026-01-29 09:25:00+05:30,198.45,82100.0,82128.37,2026-01-29 09:27:00+05:30,223.4,82100.0,82086.8,Stop Loss,-24.950000000000017
2026-01-29,PUT,2026-01-29 09:29:00+05:30,233.55,82100.0,82045.06,2026-01-29 09:30:00+05:30,266.65,82100.0,81981.63,Stop Loss,-33.099999999999966
2026-01-29,PUT,2026-01-29 09:31:00+05:30,227.0,82100.0,82040.35,2026-01-29 09:35:00+05:30,238.7,82100.0,82034.04,Stop Loss,-11.699999999999989
2026-01-29,PUT,2026-01-29 09:37:00+05:30,312.85,82100.0,81900.44,2026-01-29 09:38:00+05:30,320.45,82100.0,81908.91,Stop Loss,-7.599999999999966
2026-01-29,PUT,2026-01-29 09:39:00+05:30,307.5,82100.0,81923.58,2026-01-29 09:42:00+05:30,317.45,82100.0,81887.55,Stop Loss,-9.949999999999989
2026-01-29,PUT,2026-01-29 09:45:00+05:30,332.15,82100.0,81869.34,2026-01-29 09:52:00+05:30,338.3,82100.0,81878.56,Stop Loss,-6.150000000000034
2026-01-29,PUT,2026-01-29 09:56:00+05:30,453.55,82100.0,81710.49,2026-01-29 15:29:00+05:30,0.05,82100.0,82532.41,EOD,453.5
2026-01-29,CALL,2026-01-29 12:52:00+05:30,317.3,82100.0,82338.78,2026-01-29 13:02:00+05:30,327.55,82100.0,82345.56,Stop Loss,-10.25
2026-01-29,CALL,2026-01-29 13:05:00+05:30,354.8,82100.0,82397.47,2026-01-29 13:06:00+05:30,381.6,82100.0,82435.18,Stop Loss,-26.80000000000001
2026-01-29,CALL,2026-01-29 13:07:00+05:30,376.05,82100.0,82418.91,2026-01-29 13:08:00+05:30,410.1,82100.0,82440.51,Stop Loss,-34.05000000000001
2026-01-29,CALL,2026-01-29 13:09:00+05:30,381.15,82100.0,82410.67,2026-01-29 13:11:00+05:30,396.95,82100.0,82422.07,Stop Loss,-15.800000000000011
2026-01-29,CALL,2026-01-29 13:12:00+05:30,357.95,82100.0,82392.46,2026-01-29 13:16:00+05:30,359.4,82100.0,82404.93,Stop Loss,-1.4499999999999886
2026-01-29,CALL,2026-01-29 13:17:00+05:30,348.15,82100.0,82402.42,2026-01-29 13:32:00+05:30,348.5,82100.0,82388.66,Stop Loss,-0.35000000000002274
2026-01-29,CALL,2026-01-29 13:34:00+05:30,406.4,82100.0,82448.69,2026-01-29 13:35:00+05:30,421.8,82100.0,82481.41,Stop Loss,-15.400000000000034
2026-01-29,CALL,2026-01-29 13:37:00+05:30,402.45,82100.0,82469.83,2026-01-29 13:38:00+05:30,417.5,82100.0,82478.56,Stop Loss,-15.050000000000011
2026-01-29,CALL,2026-01-29 13:40:00+05:30,415.9,82100.0,82474.12,2026-01-29 13:43:00+05:30,432.45,82100.0,82483.6,Stop Loss,-16.55000000000001
2026-01-29,CALL,2026-01-29 13:45:00+05:30,481.95,82100.0,82534.76,2026-01-29 13:47:00+05:30,495.75,82100.0,82579.76,Stop Loss,-13.800000000000011
2026-01-29,CALL,2026-01-29 13:48:00+05:30,492.9,82100.0,82566.99,2026-01-29 13:49:00+05:30,507.65,82100.0,82606.13,Stop Loss,-14.75
2026-01-29,CALL,2026-01-29 13:51:00+05:30,492.3,82100.0,82584.74,2026-01-29 13:52:00+05:30,512.4,82100.0,82589.89,Stop Loss,-20.099999999999966
2026-01-29,CALL,2026-01-29 13:53:00+05:30,475.2,82100.0,82576.31,2026-01-29 13:54:00+05:30,500.3,82100.0,82590.6,Stop Loss,-25.100000000000023
2026-01-29,CALL,2026-01-29 13:55:00+05:30,473.2,82100.0,82570.12,2026-01-29 13:56:00+05:30,498.35,82100.0,82582.35,Stop Loss,-25.150000000000034
2026-01-29,CALL,2026-01-29 13:58:00+05:30,503.7,82100.0,82598.6,2026-01-29 13:59:00+05:30,518.2,82100.0,82599.89,Stop Loss,-14.500000000000057
2026-01-29,CALL,2026-01-29 14:00:00+05:30,497.4,82100.0,82612.66,2026-01-29 14:28:00+05:30,507.45,82100.0,82589.62,Stop Loss,-10.050000000000011
2026-01-29,CALL,2026-01-29 14:32:00+05:30,536.35,82100.0,82649.51,2026-01-29 14:33:00+05:30,545.55,82100.0,82651.89,Stop Loss,-9.199999999999932
2026-01-29,CALL,2026-01-29 14:34:00+05:30,533.3,82100.0,82663.75,2026-01-29 14:36:00+05:30,533.5,82100.0,82622.21,Stop Loss,-0.20000000000004547
2026-01-29,CALL,2026-01-29 14:37:00+05:30,506.0,82100.0,82633.85,2026-01-29 14:38:00+05:30,510.15,82100.0,82613.05,Stop Loss,-4.149999999999977
2026-01-29,CALL,2026-01-29 14:39:00+05:30,526.15,82100.0,82627.46,2026-01-29 14:42:00+05:30,529.65,82100.0,82637.8,Stop Loss,-3.5
2026-01-29,CALL,2026-01-29 14:43:00+05:30,521.0,82100.0,82599.04,2026-01-29 14:44:00+05:30,549.15,82100.0,82632.62,Stop Loss,-28.149999999999977
2026-01-29,CALL,2026-01-29 14:45:00+05:30,525.2,82100.0,82631.56,2026-01-29 14:46:00+05:30,553.25,82100.0,82645.54,Stop Loss,-28.049999999999955
2026-01-29,CALL,2026-01-29 14:50:00+05:30,575.55,82100.0,82668.41,2026-01-29 14:51:00+05:30,607.65,82100.0,82675.46,Stop Loss,-32.10000000000002
2026-01-29,CALL,2026-01-29 14:53:00+05:30,572.35,82100.0,82657.01,2026-01-29 14:54:00+05:30,593.4,82100.0,82652.92,Stop Loss,-21.049999999999955
2026-01-29,CALL,2026-01-29 14:55:00+05:30,523.25,82100.0,82623.24,2026-01-29 14:56:00+05:30,561.0,82100.0,82649.09,Stop Loss,-37.75
2026-01-29,CALL,2026-01-29 14:57:00+05:30,531.7,82100.0,82624.41,2026-01-29 14:58:00+05:30,538.55,82100.0,82604.36,Stop Loss,-6.849999999999909
2026-01-29,CALL,2026-01-29 14:59:00+05:30,557.8,82100.0,82620.18,2026-01-29 15:29:00+05:30,465.05,82100.0,82532.41,EOD,92.74999999999994
2026-01-30,CALL,2026-01-30 09:15:00+05:30,781.55,82100.0,82131.25,2026-01-30 09:16:00+05:30,804.3,82100.0,82166.68,Stop Loss,-22.75
2026-01-30,PUT,2026-01-30 09:16:00+05:30,638.0,82100.0,82166.68,2026-01-30 09:17:00+05:30,649.9,82100.0,82119.48,Stop Loss,-11.899999999999977
2026-01-30,CALL,2026-01-30 09:17:00+05:30,788.0,82100.0,82119.48,2026-01-30 09:18:00+05:30,795.8,82100.0,82131.63,Stop Loss,-7.7999999999999545
2026-01-30,PUT,2026-01-30 09:18:00+05:30,640.7,82100.0,82131.63,2026-01-30 09:19:00+05:30,652.5,82100.0,82103.56,Stop Loss,-11.799999999999955
2026-01-30,CALL,2026-01-30 09:19:00+05:30,772.8,82100.0,82103.56,2026-01-30 09:21:00+05:30,786.0,82100.0,82100.8,Stop Loss,-13.200000000000045
2026-01-30,PUT,2026-01-30 09:21:00+05:30,642.65,82100.0,82100.8,2026-01-30 09:22:00+05:30,686.6,82100.0,82024.42,Stop Loss,-43.950000000000045
2026-01-30,CALL,2026-01-30 09:22:00+05:30,735.3,82100.0,82024.42,2026-01-30 09:23:00+05:30,757.95,82100.0,82079.92,Stop Loss,-22.65000000000009
2026-01-30,PUT,2026-01-30 09:23:00+05:30,668.65,82100.0,82079.92,2026-01-30 09:24:00+05:30,689.4,82100.0,82051.97,Stop Loss,-20.75
2026-01-30,CALL,2026-01-30 09:24:00+05:30,731.0,82100.0,82051.97,2026-01-30 09:25:00+05:30,775.75,82100.0,82103.65,Stop Loss,-44.75
2026-01-30,PUT,2026-01-30 09:25:00+05:30,648.95,82100.0,82103.65,2026-01-30 09:28:00+05:30,653.25,82100.0,82109.16,Stop Loss,-4.2999999999999545
2026-01-30,CALL,2026-01-30 09:26:00+05:30,782.1,82100.0,82129.06,2026-01-30 09:27:00+05:30,804.0,82100.0,82161.08,Stop Loss,-21.899999999999977
2026-01-30,CALL,2026-01-30 09:28:00+05:30,769.9,82100.0,82109.16,2026-01-30 09:34:00+05:30,770.2,82100.0,82083.76,Stop Loss,-0.3000000000000682
2026-01-30,PUT,2026-01-30 09:31:00+05:30,682.2,82100.0,82065.57,2026-01-30 09:32:00+05:30,685.0,82100.0,82035.67,Stop Loss,-2.7999999999999545
2026-01-30,PUT,2026-01-30 09:33:00+05:30,676.25,82100.0,82070.71,2026-01-30 11:09:00+05:30,690.95,82100.0,82095.99,Stop Loss,-14.700000000000045
2026-01-30,CALL,2026-01-30 09:39:00+05:30,830.8,82100.0,82194.29,2026-01-30 09:48:00+05:30,831.0,82100.0,82211.55,Stop Loss,-0.20000000000004547
2026-01-30,CALL,2026-01-30 09:51:00+05:30,832.9,82100.0,82212.93,2026-01-30 09:52:00+05:30,838.4,82100.0,82228.38,Stop Loss,-5.5
2026-01-30,CALL,2026-01-30 09:53:00+05:30,829.85,82100.0,82215.16,2026-01-30 09:54:00+05:30,852.35,82100.0,82257.71,Stop Loss,-22.5
2026-01-30,CALL,2026-01-30 09:55:00+05:30,831.5,82100.0,82203.72,2026-01-30 10:01:00+05:30,849.45,82100.0,82245.16,Stop Loss,-17.950000000000045
2026-01-30,CALL,2026-01-30 10:04:00+05:30,813.6,82100.0,82193.72,2026-01-30 10:13:00+05:30,824.0,82100.0,82216.88,Stop Loss,-10.399999999999977
2026-01-30,CALL,2026-01-30 10:15:00+05:30,848.45,82100.0,82249.74,2026-01-30 13:52:00+05:30,851.5,82100.0,82223.69,Stop Loss,-3.0499999999999545
2026-01-30,PUT,2026-01-30 11:12:00+05:30,705.8,82100.0,82066.45,2026-01-30 11:14:00+05:30,713.0,82100.0,82057.75,Stop Loss,-7.2000000000000455
2026-01-30,PUT,2026-01-30 11:15:00+05:30,704.15,82100.0,82058.85,2026-01-30 11:16:00+05:30,718.15,82100.0,82055.66,Stop Loss,-14.0
2026-01-30,PUT,2026-01-30 11:17:00+05:30,710.35,82100.0,82056.96,2026-01-30 11:18:00+05:30,716.55,82100.0,82057.88,Stop Loss,-6.199999999999932
2026-01-30,PUT,2026-01-30 11:20:00+05:30,707.3,82100.0,82051.09,2026-01-30 11:22:00+05:30,718.85,82100.0,82037.0,Stop Loss,-11.550000000000068
2026-01-30,PUT,2026-01-30 11:24:00+05:30,691.6,82100.0,82067.56,2026-01-30 11:29:00+05:30,707.95,82100.0,82073.9,Stop Loss,-16.350000000000023
2026-01-30,PUT,2026-01-30 11:30:00+05:30,706.95,82100.0,82068.43,2026-01-30 11:31:00+05:30,724.8,82100.0,82053.02,Stop Loss,-17.84999999999991
2026-01-30,PUT,2026-01-30 11:32:00+05:30,720.65,82100.0,82048.04,2026-01-30 11:33:00+05:30,747.5,82100.0,82013.3,Stop Loss,-26.850000000000023
2026-01-30,PUT,2026-01-30 11:34:00+05:30,737.15,82100.0,82032.57,2026-01-30 11:36:00+05:30,740.9,82100.0,82027.9,Stop Loss,-3.75
2026-01-30,PUT,2026-01-30 11:37:00+05:30,725.6,82100.0,82039.49,2026-01-30 13:09:00+05:30,744.25,82100.0,82036.76,Stop Loss,-18.649999999999977
2026-01-30,PUT,2026-01-30 13:10:00+05:30,725.0,82100.0,82056.75,2026-01-30 13:12:00+05:30,741.65,82100.0,82054.28,Stop Loss,-16.649999999999977
2026-01-30,PUT,2026-01-30 13:13:00+05:30,719.9,82100.0,82072.25,2026-01-30 13:14:00+05:30,734.2,82100.0,82059.91,Stop Loss,-14.300000000000068
2026-01-30,PUT,2026-01-30 13:17:00+05:30,761.45,82100.0,82030.08,2026-01-30 13:18:00+05:30,777.0,82100.0,82009.39,Stop Loss,-15.549999999999955
2026-01-30,PUT,2026-01-30 13:21:00+05:30,790.4,82100.0,82000.06,2026-01-30 13:24:00+05:30,791.95,82100.0,81988.23,Stop Loss,-1.5500000000000682
2026-01-30,PUT,2026-01-30 13:25:00+05:30,774.5,82100.0,81997.08,2026-01-30 13:26:00+05:30,785.15,82100.0,82007.36,Stop Loss,-10.649999999999977
2026-01-30,PUT,2026-01-30 13:27:00+05:30,785.25,82100.0,82004.81,2026-01-30 13:29:00+05:30,795.1,82100.0,81991.24,Stop Loss,-9.850000000000023
2026-01-30,PUT,2026-01-30 13:30:00+05:30,777.15,82100.0,82003.65,2026-01-30 13:31:00+05:30,777.7,82100.0,82019.81,Stop Loss,-0.5500000000000682
2026-01-30,PUT,2026-01-30 13:32:00+05:30,743.05,82100.0,82047.65,2026-01-30 13:33:00+05:30,757.85,82100.0,82030.74,Stop Loss,-14.800000000000068
2026-01-30,PUT,2026-01-30 13:34:00+05:30,740.85,82100.0,82045.64,2026-01-30 13:36:00+05:30,741.45,82100.0,82067.64,Stop Loss,-0.6000000000000227
2026-01-30,PUT,2026-01-30 13:37:00+05:30,739.9,82100.0,82066.59,2026-01-30 15:29:00+05:30,508.15,82100.0,82261.15,EOD,231.75
2026-01-30,CALL,2026-01-30 13:55:00+05:30,905.35,82100.0,82289.1,2026-01-30 13:56:00+05:30,910.0,82100.0,82304.13,Stop Loss,-4.649999999999977
2026-01-30,CALL,2026-01-30 13:57:00+05:30,907.05,82100.0,82289.91,2026-01-30 13:58:00+05:30,910.9,82100.0,82291.7,Stop Loss,-3.8500000000000227
2026-01-30,CALL,2026-01-30 14:00:00+05:30,916.75,82100.0,82319.32,2026-01-30 14:01:00+05:30,927.85,82100.0,82324.56,Stop Loss,-11.100000000000023
2026-01-30,CALL,2026-01-30 14:03:00+05:30,936.3,82100.0,82346.42,2026-01-30 14:04:00+05:30,936.6,82100.0,82346.41,Stop Loss,-0.3000000000000682
2026-01-30,CALL,2026-01-30 14:06:00+05:30,967.85,82100.0,82374.01,2026-01-30 14:07:00+05:30,974.5,82100.0,82395.16,Stop Loss,-6.649999999999977
2026-01-30,CALL,2026-01-30 14:08:00+05:30,962.95,82100.0,82394.15,2026-01-30 14:09:00+05:30,993.85,82100.0,82413.04,Stop Loss,-30.899999999999977
2026-01-30,CALL,2026-01-30 14:10:00+05:30,981.7,82100.0,82408.21,2026-01-30 15:29:00+05:30,836.0,82100.0,82261.15,EOD,145.70000000000005
2026-02-01,CALL,2026-02-01 09:15:00+05:30,759.55,82200.0,82156.17,2026-02-01 09:17:00+05:30,774.55,82200.0,82236.21,Stop Loss,-15.0
2026-02-01,PUT,2026-02-01 09:17:00+05:30,645.8,82200.0,82236.21,2026-02-01 09:18:00+05:30,647.15,82200.0,82234.15,Stop Loss,-1.3500000000000227
2026-02-01,CALL,2026-02-01 09:19:00+05:30,780.55,82200.0,82225.18,2026-02-01 09:20:00+05:30,802.3,82200.0,82276.62,Stop Loss,-21.75
2026-02-01,PUT,2026-02-01 09:20:00+05:30,637.05,82200.0,82276.62,2026-02-01 09:21:00+05:30,659.7,82200.0,82254.2,Stop Loss,-22.65000000000009
2026-02-01,CALL,2026-02-01 09:21:00+05:30,787.85,82200.0,82254.2,2026-02-01 09:22:00+05:30,792.3,82200.0,82249.18,Stop Loss,-4.449999999999932
2026-02-01,PUT,2026-02-01 09:22:00+05:30,654.85,82200.0,82249.18,2026-02-01 12:12:00+05:30,697.15,82200.0,82036.67,Stop Loss,-42.299999999999955
2026-02-01,CALL,2026-02-01 09:29:00+05:30,846.85,82200.0,82346.56,2026-02-01 09:44:00+05:30,853.8,82200.0,82375.43,Stop Loss,-6.949999999999932
2026-02-01,CALL,2026-02-01 09:47:00+05:30,850.35,82200.0,82379.4,2026-02-01 09:49:00+05:30,851.75,82200.0,82362.28,Stop Loss,-1.3999999999999773
2026-02-01,CALL,2026-02-01 09:50:00+05:30,791.15,82200.0,82250.01,2026-02-01 09:51:00+05:30,822.35,82200.0,82296.9,Stop Loss,-31.200000000000045
2026-02-01,CALL,2026-02-01 09:52:00+05:30,827.0,82200.0,82331.0,2026-02-01 09:53:00+05:30,831.2,82200.0,82309.59,Stop Loss,-4.2000000000000455
2026-02-01,CALL,2026-02-01 09:54:00+05:30,819.85,82200.0,82323.1,2026-02-01 09:55:00+05:30,826.2,82200.0,82324.94,Stop Loss,-6.350000000000023
2026-02-01,CALL,2026-02-01 09:56:00+05:30,832.9,82200.0,82330.2,2026-02-01 10:05:00+05:30,835.0,82200.0,82346.92,Stop Loss,-2.1000000000000227
2026-02-01,CALL,2026-02-01 10:06:00+05:30,832.85,82200.0,82373.66,2026-02-01 10:07:00+05:30,834.95,82200.0,82353.43,Stop Loss,-2.1000000000000227
2026-02-01,CALL,2026-02-01 10:08:00+05:30,832.15,82200.0,82341.04,2026-02-01 10:10:00+05:30,840.85,82200.0,82378.71,Stop Loss,-8.700000000000045
2026-02-01,CALL,2026-02-01 10:11:00+05:30,841.3,82200.0,82371.94,2026-02-01 10:12:00+05:30,848.55,82200.0,82386.65,Stop Loss,-7.25
2026-02-01,CALL,2026-02-01 10:17:00+05:30,883.35,82200.0,82428.27,2026-02-01 10:20:00+05:30,892.9,82200.0,82432.22,Stop Loss,-9.549999999999955
2026-02-01,CALL,2026-02-01 10:26:00+05:30,932.5,82200.0,82488.79,2026-02-01 10:27:00+05:30,950.9,82200.0,82495.4,Stop Loss,-18.399999999999977
2026-02-01,CALL,2026-02-01 10:28:00+05:30,944.0,82200.0,82494.11,2026-02-01 10:34:00+05:30,950.0,82200.0,82508.49,Stop Loss,-6.0
2026-02-01,CALL,2026-02-01 10:36:00+05:30,963.1,82200.0,82504.73,2026-02-01 10:37:00+05:30,970.0,82200.0,82529.26,Stop Loss,-6.899999999999977
2026-02-01,CALL,2026-02-01 10:38:00+05:30,959.6,82200.0,82538.76,2026-02-01 10:40:00+05:30,962.75,82200.0,82528.2,Stop Loss,-3.1499999999999773
2026-02-01,CALL,2026-02-01 10:41:00+05:30,955.15,82200.0,82534.8,2026-02-01 10:59:00+05:30,960.0,82200.0,82547.84,Stop Loss,-4.850000000000023
2026-02-01,CALL,2026-02-01 11:00:00+05:30,953.35,82200.0,82538.05,2026-02-01 11:07:00+05:30,955.95,82200.0,82533.52,Stop Loss,-2.6000000000000227
2026-02-01,PUT,2026-02-01 12:13:00+05:30,591.8,82200.0,82191.07,2026-02-01 12:14:00+05:30,622.8,82200.0,82084.91,Stop Loss,-31.0
2026-02-01,PUT,2026-02-01 12:16:00+05:30,628.95,82200.0,82115.31,2026-02-01 12:17:00+05:30,685.95,82200.0,82005.22,Stop Loss,-57.0
2026-02-01,PUT,2026-02-01 12:20:00+05:30,1002.15,82200.0,81607.25,2026-02-01 12:21:00+05:30,1096.35,82200.0,81414.53,Stop Loss,-94.19999999999993
2026-02-01,PUT,2026-02-01 12:22:00+05:30,1072.05,82200.0,81473.4,2026-02-01 12:24:00+05:30,1110.25,82200.0,81440.91,Stop Loss,-38.200000000000045
2026-02-01,PUT,2026-02-01 12:25:00+05:30,1018.35,82200.0,81570.58,2026-02-01 12:26:00+05:30,1118.75,82200.0,81396.78,Stop Loss,-100.39999999999998
2026-02-01,PUT,2026-02-01 12:37:00+05:30,1389.8,82200.0,81203.13,2026-02-01 12:38:00+05:30,1397.6,82200.0,81196.37,Stop Loss,-7.7999999999999545
2026-02-01,PUT,2026-02-01 12:39:00+05:30,1256.4,82200.0,81366.59,2026-02-01 12:40:00+05:30,1301.05,82200.0,81293.46,Stop Loss,-44.649999999999864
2026-02-02,PUT,2026-02-02 09:16:00+05:30,631.55,80600.0,80663.75,2026-02-02 11:22:00+05:30,638.8,80600.0,80442.42,Stop Loss,-7.25
2026-02-02,CALL,2026-02-02 09:18:00+05:30,760.65,80600.0,80696.15,2026-02-02 09:19:00+05:30,820.0,80600.0,80792.96,Stop Loss,-59.35000000000002
2026-02-02,CALL,2026-02-02 09:24:00+05:30,940.2,80600.0,81021.19,2026-02-02 09:30:00+05:30,945.6,80600.0,81004.46,Stop Loss,-5.399999999999977
2026-02-02,CALL,2026-02-02 09:33:00+05:30,1005.95,80600.0,81105.3,2026-02-02 09:54:00+05:30,1015.6,80600.0,81204.15,Stop Loss,-9.649999999999977
2026-02-02,CALL,2026-02-02 09:55:00+05:30,994.6,80600.0,81175.21,2026-02-02 09:56:00+05:30,1000.95,80600.0,81173.24,Stop Loss,-6.350000000000023
2026-02-02,CALL,2026-02-02 09:57:00+05:30,983.7,80600.0,81153.61,2026-02-02 13:00:00+05:30,1006.85,80600.0,81284.71,Stop Loss,-23.149999999999977
2026-02-02,PUT,2026-02-02 11:25:00+05:30,639.0,80600.0,80427.36,2026-02-02 15:29:00+05:30,161.65,80600.0,81631.02,EOD,477.35
2026-02-02,CALL,2026-02-02 13:01:00+05:30,988.2,80600.0,81249.48,2026-02-02 13:02:00+05:30,993.35,80600.0,81246.38,Stop Loss,-5.149999999999977
2026-02-02,CALL,2026-02-02 13:03:00+05:30,975.95,80600.0,81242.23,2026-02-02 13:04:00+05:30,1018.15,80600.0,81267.68,Stop Loss,-42.19999999999993
2026-02-02,CALL,2026-02-02 13:06:00+05:30,1027.0,80600.0,81292.56,2026-02-02 13:07:00+05:30,1039.9,80600.0,81300.39,Stop Loss,-12.900000000000091
2026-02-02,CALL,2026-02-02 13:08:00+05:30,1022.4,80600.0,81299.56,2026-02-02 13:09:00+05:30,1037.05,80600.0,81312.88,Stop Loss,-14.649999999999977
2026-02-02,CALL,2026-02-02 13:12:00+05:30,991.25,80600.0,81249.59,2026-02-02 13:43:00+05:30,1008.35,80600.0,81294.05,Stop Loss,-17.100000000000023
2026-02-02,CALL,2026-02-02 13:44:00+05:30,1003.85,80600.0,81294.04,2026-02-02 13:49:00+05:30,1031.15,80600.0,81296.12,Stop Loss,-27.300000000000068
2026-02-02,CALL,2026-02-02 13:50:00+05:30,999.05,80600.0,81265.31,2026-02-02 13:51:00+05:30,1058.15,80600.0,81315.22,Stop Loss,-59.100000000000136
2026-02-02,CALL,2026-02-02 13:52:00+05:30,1055.85,80600.0,81333.0,2026-02-02 14:51:00+05:30,1098.65,80600.0,81416.64,Stop Loss,-42.80000000000018
2026-02-02,CALL,2026-02-02 14:53:00+05:30,1112.75,80600.0,81436.22,2026-02-02 14:55:00+05:30,1125.1,80600.0,81468.03,Stop Loss,-12.349999999999909
2026-02-02,CALL,2026-02-02 14:56:00+05:30,1114.3,80600.0,81466.22,2026-02-02 14:57:00+05:30,1122.2,80600.0,81473.01,Stop Loss,-7.900000000000091
2026-02-02,CALL,2026-02-02 14:58:00+05:30,1102.4,80600.0,81460.15,2026-02-02 14:59:00+05:30,1159.0,80600.0,81490.01,Stop Loss,-56.59999999999991
2026-02-02,CALL,2026-02-02 15:01:00+05:30,1226.75,80600.0,81629.29,2026-02-02 15:29:00+05:30,1198.5,80600.0,81631.02,EOD,28.25
2026-02-03,CALL,2026-02-03 09:15:00+05:30,469.0,84000.0,83967.6,2026-02-03 09:16:00+05:30,509.6,84000.0,83942.62,Stop Loss,-40.60000000000002
2026-02-03,PUT,2026-02-03 09:15:00+05:30,1058.15,84000.0,83967.6,2026-02-03 15:29:00+05:30,542.85,84000.0,83703.39,EOD,515.3000000000001
2026-02-03,CALL,2026-02-03 09:22:00+05:30,766.8,84000.0,84166.78,2026-02-03 09:23:00+05:30,790.0,84000.0,84152.59,Stop Loss,-23.200000000000045
2026-02-03,CALL,2026-02-03 09:24:00+05:30,736.85,84000.0,84035.52,2026-02-03 15:29:00+05:30,341.25,84000.0,83703.39,EOD,395.6
